login,full_name,created_at,stargazers_count,watchers_count,language,has_projects,has_wiki,license_name
krishnaik06,krishnaik06/3-Months-RoadMap-For-Data-Science,2022-08-18T15:50:22Z,239,239,,True,True,gpl-3.0
krishnaik06,krishnaik06/5-Days-Live-EDA-and-Feature-Engineering,2022-02-17T09:03:19Z,188,188,Jupyter Notebook,True,True,gpl-3.0
krishnaik06,krishnaik06/6-Months-Data-Science-Roadmap-,2023-01-07T06:41:22Z,1742,1742,,True,True,gpl-3.0
krishnaik06,krishnaik06/Advanced-CNN-Architectures,2020-09-10T16:14:51Z,46,46,Jupyter Notebook,True,True,
krishnaik06,krishnaik06/Advanced-House-Price-Prediction-,2020-01-31T05:39:25Z,382,382,Jupyter Notebook,True,True,
krishnaik06,krishnaik06/AI,2019-01-28T03:33:49Z,11,11,Jupyter Notebook,True,True,
krishnaik06,krishnaik06/AI-Engineer-Roadmap-2024,2024-04-05T06:57:53Z,559,559,,True,True,gpl-3.0
krishnaik06,krishnaik06/Airfoil-Regression-With-Deployment,2022-05-29T05:50:20Z,21,21,HTML,True,True,gpl-3.0
krishnaik06,krishnaik06/AirLines-Passengers-Forecasting-LSTM,2020-05-25T08:17:12Z,17,17,Jupyter Notebook,True,True,
krishnaik06,krishnaik06/algearianforestfire,2023-03-14T17:48:13Z,3,3,Jupyter Notebook,True,False,
krishnaik06,krishnaik06/All-Hyperparamter-Optimization,2020-07-23T14:05:38Z,108,108,Jupyter Notebook,True,True,
krishnaik06,krishnaik06/Amazon-Review-Scraper,2019-12-15T05:23:47Z,7,7,,True,True,mit
krishnaik06,krishnaik06/Amazon-use-cases,2020-03-12T13:08:58Z,23,23,,True,True,
krishnaik06,krishnaik06/ANN-CLassification-Churn,2024-06-29T07:43:37Z,6,6,Jupyter Notebook,True,True,gpl-3.0
krishnaik06,krishnaik06/ANN-Implementation,2022-08-21T04:19:06Z,15,15,,True,True,
krishnaik06,krishnaik06/Anomaly-Pycaret,2020-04-27T07:01:13Z,20,20,Jupyter Notebook,True,True,
krishnaik06,krishnaik06/appgithubaction,2024-09-02T07:45:23Z,9,9,Python,True,True,
krishnaik06,krishnaik06/Application,2022-07-25T04:41:54Z,4,4,,True,True,gpl-3.0
krishnaik06,krishnaik06/AQI-Deployment,2019-12-29T11:20:25Z,8,8,HTML,True,True,gpl-3.0
krishnaik06,krishnaik06/AQI-Project,2019-12-02T17:06:56Z,115,115,Jupyter Notebook,True,True,gpl-3.0
krishnaik06,krishnaik06/Arima,2018-07-31T15:55:34Z,7,7,Jupyter Notebook,True,True,
krishnaik06,krishnaik06/ARIMA-And-Seasonal-ARIMA,2020-03-19T06:18:14Z,202,202,Jupyter Notebook,True,True,
krishnaik06,krishnaik06/Assignments,2021-03-13T12:18:29Z,8,8,,True,True,
krishnaik06,krishnaik06/Audio-Classification,2021-03-31T10:06:19Z,92,92,Jupyter Notebook,True,True,gpl-3.0
krishnaik06,krishnaik06/Augmented-Reality,2020-10-28T03:33:58Z,10,10,,True,True,
krishnaik06,krishnaik06/Autoscrapper,2021-04-22T13:49:15Z,44,44,Jupyter Notebook,True,True,gpl-3.0
krishnaik06,krishnaik06/Autoviz,2021-04-25T13:42:30Z,18,18,Jupyter Notebook,True,True,gpl-3.0
krishnaik06,krishnaik06/Avgword2vec-Implementation,2023-01-29T11:27:57Z,10,10,Jupyter Notebook,True,True,
krishnaik06,krishnaik06/AWS,2021-01-06T15:57:21Z,23,23,Jupyter Notebook,True,True,
krishnaik06,krishnaik06/AWS-Bedrock,2024-02-04T12:41:25Z,43,43,Python,True,True,gpl-3.0
championswimmer,championswimmer/2016.opentechsummit.net,2016-04-26T18:32:42Z,0,0,CSS,True,False,
championswimmer,championswimmer/8051_Basic_Programs,2015-07-27T05:10:49Z,0,0,Assembly,True,True,
championswimmer,championswimmer/AdventOfCode2021,2021-12-22T22:28:22Z,1,1,Kotlin,True,True,
championswimmer,championswimmer/AdventOfCode2022,2022-12-03T22:15:19Z,1,1,TypeScript,True,True,
championswimmer,championswimmer/AdventOfCode2023,2023-12-01T19:19:53Z,1,1,TypeScript,True,True,
championswimmer,championswimmer/AlgorithmPractice,2017-02-24T16:31:15Z,3,3,Java,True,True,
championswimmer,championswimmer/android,2018-03-25T15:42:41Z,1,1,Java,True,True,
championswimmer,championswimmer/android-drawable-converter,2015-06-14T13:31:37Z,1,1,Java,True,False,
championswimmer,championswimmer/Android-Library-Sample,2016-11-06T04:59:22Z,0,0,Java,True,True,
championswimmer,championswimmer/android-locales,2015-04-29T20:37:11Z,210,210,,True,True,
championswimmer,championswimmer/Android-SocialButtons,2015-10-31T22:36:49Z,148,148,Java,True,True,other
championswimmer,championswimmer/Android-Tests-Example,2016-01-06T12:09:27Z,5,5,Java,True,True,
championswimmer,championswimmer/Android2016Summer,2016-07-19T06:36:57Z,3,3,Java,True,True,
championswimmer,championswimmer/AndroidSample_Retrofit_RESTAPI,2017-07-02T08:47:09Z,0,0,Java,True,True,
championswimmer,championswimmer/AndroidWear_ComplicationProvider_Sample,2018-03-02T16:27:34Z,2,2,Kotlin,True,True,
championswimmer,championswimmer/android_device_semc_es209ra,2012-10-21T06:20:49Z,0,0,C,True,True,
championswimmer,championswimmer/android_device_sony_dogo,2013-11-17T17:03:52Z,0,0,C,True,True,
championswimmer,championswimmer/android_device_sony_msm8974-common,2015-04-13T15:11:45Z,0,0,C++,True,True,
championswimmer,championswimmer/android_external_chromium-webview,2015-11-20T17:49:21Z,0,0,Makefile,True,True,
championswimmer,championswimmer/android_iot_tensorflow,2017-10-07T14:00:14Z,0,0,,True,True,
championswimmer,championswimmer/android_kernel_sony_huashan,2014-03-05T17:13:22Z,0,0,C,True,True,other
championswimmer,championswimmer/android_kernel_sony_msm8260,2013-07-06T22:20:04Z,0,0,C,True,True,other
championswimmer,championswimmer/android_kernel_sony_msm8930,2013-05-28T17:54:26Z,2,2,C,True,True,other
championswimmer,championswimmer/android_kernel_sony_msm8960T,2013-09-23T17:10:48Z,0,0,C,True,True,other
championswimmer,championswimmer/android_kernel_sony_seagull,2015-03-03T18:16:22Z,0,0,C,True,True,other
championswimmer,championswimmer/Angular101,2016-02-06T09:11:41Z,0,0,,True,True,
championswimmer,championswimmer/API_DB_Design_2024-03-15,2024-03-14T19:07:50Z,3,3,,True,True,
championswimmer,championswimmer/AppDesk-NodeJS-Session-01,2021-02-12T08:55:29Z,2,2,JavaScript,True,True,
championswimmer,championswimmer/AppIntro,2016-02-25T23:39:15Z,0,0,Java,True,True,apache-2.0
championswimmer,championswimmer/Applications,2016-04-08T21:49:52Z,0,0,JavaScript,True,True,
arpitbbhayani,arpitbbhayani/1d-terrain,2020-11-14T08:32:12Z,1,1,Jupyter Notebook,True,True,
arpitbbhayani,arpitbbhayani/abloom,2022-10-19T05:12:12Z,38,38,Go,True,True,apache-2.0
arpitbbhayani,arpitbbhayani/aps_src,2013-10-01T16:09:21Z,0,0,C,True,True,
arpitbbhayani,arpitbbhayani/arcli,2017-11-06T02:45:26Z,0,0,JavaScript,True,True,
arpitbbhayani,arpitbbhayani/arlt,2018-09-13T09:27:30Z,3,3,Go,True,True,
arpitbbhayani,arpitbbhayani/arp,2020-02-14T13:17:23Z,0,0,Python,True,True,
arpitbbhayani,arpitbbhayani/arpitbbhayani,2020-07-09T15:42:55Z,1,1,,True,True,
arpitbbhayani,arpitbbhayani/arpitbbhayani.github.io,2015-07-16T15:50:05Z,2,2,HTML,True,True,
arpitbbhayani,arpitbbhayani/articles,2019-08-15T17:51:34Z,9,9,C++,True,True,
arpitbbhayani,arpitbbhayani/articulate,2014-04-18T15:12:28Z,1,1,Java,True,True,
arpitbbhayani,arpitbbhayani/artisen,2020-06-17T12:48:10Z,0,0,Python,True,True,
arpitbbhayani,arpitbbhayani/arws,2021-09-08T10:19:04Z,0,0,Python,True,True,
arpitbbhayani,arpitbbhayani/arx,2021-02-24T04:43:11Z,0,0,Python,True,True,
arpitbbhayani,arpitbbhayani/arxiv-download,2017-07-04T05:20:01Z,2,2,Python,True,True,
arpitbbhayani,arpitbbhayani/awesome-flask,2016-11-07T12:01:33Z,0,0,,True,False,
arpitbbhayani,arpitbbhayani/awesome-obsidian,2021-10-04T07:54:49Z,0,0,CSS,True,False,cc0-1.0
arpitbbhayani,arpitbbhayani/awesome-obsidian-plugins,2021-10-04T07:54:41Z,0,0,,True,True,cc0-1.0
arpitbbhayani,arpitbbhayani/badger-cli,2018-07-15T12:38:19Z,3,3,Go,True,True,
arpitbbhayani,arpitbbhayani/boilr-base-express-app,2017-12-15T11:56:48Z,0,0,JavaScript,True,True,
arpitbbhayani,arpitbbhayani/bulma-calendar,2021-06-30T09:08:14Z,0,0,JavaScript,True,True,mit
arpitbbhayani,arpitbbhayani/byte-pair-tokenization,2022-12-09T11:37:16Z,0,0,Python,True,True,
arpitbbhayani,arpitbbhayani/carte,2016-02-25T14:18:00Z,0,0,JavaScript,True,True,mit
arpitbbhayani,arpitbbhayani/catdb,2024-02-08T09:38:28Z,0,0,,True,True,
arpitbbhayani,arpitbbhayani/cerr,2019-11-20T17:06:30Z,0,0,Go,True,True,
arpitbbhayani,arpitbbhayani/chrome-extension,2014-03-18T09:15:42Z,0,0,JavaScript,True,True,
arpitbbhayani,arpitbbhayani/codechef,2016-01-04T05:20:37Z,0,0,C++,True,True,
arpitbbhayani,arpitbbhayani/CodeFlask.js,2017-06-27T07:36:16Z,0,0,JavaScript,True,True,mit
arpitbbhayani,arpitbbhayani/concurrency-in-depth,2023-05-08T13:14:40Z,113,113,Go,True,True,
arpitbbhayani,arpitbbhayani/concurrency-with-semaphores,2022-08-08T16:24:17Z,15,15,C,True,True,
arpitbbhayani,arpitbbhayani/consistent-hashing,2020-05-20T15:52:15Z,29,29,Jupyter Notebook,True,True,
manjunath5496,manjunath5496/10-AI-Papers-That-Made-an-Impact,2021-02-15T07:47:00Z,3,3,,True,True,
manjunath5496,manjunath5496/10-Best-Ecommerce-Research-Papers,2021-07-11T12:16:32Z,9,9,,True,True,
manjunath5496,manjunath5496/10-Computer-Scientists-Who-Made-History,2020-09-28T06:23:01Z,2,2,,True,True,
manjunath5496,manjunath5496/10-Computer-Vision-Papers-to-Start,2020-08-16T16:14:01Z,4,4,,True,True,
manjunath5496,manjunath5496/10-Cutting-Edge-Research-Papers-In-Computer-Vision-and-Image-Generation,2019-11-01T04:21:47Z,8,8,,True,True,
manjunath5496,manjunath5496/10-EdTech-research-papers,2020-08-06T14:27:45Z,1,1,,True,True,
manjunath5496,manjunath5496/10-Exciting-NeurIPS-Conference-Papers,2020-08-16T13:45:58Z,1,1,,True,True,
manjunath5496,manjunath5496/10-extraordinary-Nature-papers,2020-07-16T17:56:46Z,3,3,,True,True,
manjunath5496,manjunath5496/10-Great-Popular-Science-Books,2019-11-10T00:38:19Z,4,4,,True,True,
manjunath5496,manjunath5496/10-Important-AI-Research-Papers,2019-11-06T17:03:21Z,1,1,,True,True,
manjunath5496,manjunath5496/10-Important-Research-Papers-In-Conversational-AI,2020-07-17T17:35:28Z,1,1,,True,True,
manjunath5496,manjunath5496/10-Interesting-ICML-Papers,2020-08-16T11:13:38Z,5,5,,True,True,
manjunath5496,manjunath5496/10-Most-Famous-Clinical-Psychologists-of-All-Time,2020-09-17T06:30:01Z,4,4,,True,True,
manjunath5496,manjunath5496/10-Must-Read-Fintech-Regtech-and-Blockchain-Research-Papers,2020-08-27T09:18:22Z,6,6,,True,True,
manjunath5496,manjunath5496/10-Must-Read-Technical-Papers-On-NLP,2020-08-06T15:03:35Z,3,3,,True,True,
manjunath5496,manjunath5496/10-Papers-Every-Developer-Should-Read,2020-08-06T10:50:00Z,4,4,,True,True,
manjunath5496,manjunath5496/10-Papers-Every-Software-Architect-Should-Read,2020-08-27T09:35:01Z,4,4,,True,True,
manjunath5496,manjunath5496/100-Days-of-Machine-Learning-Tutorial,2021-01-17T02:11:09Z,22,22,,True,True,
manjunath5496,manjunath5496/100-most-influential-people-in-the-world,2020-12-16T04:14:12Z,3,3,,True,True,
manjunath5496,manjunath5496/100-Most-Influential-Scientists-Who-Shaped-World-History,2019-07-11T05:20:55Z,1,1,,True,True,
manjunath5496,manjunath5496/100-plus-Python-programming-exercises-extended,2019-07-18T17:04:31Z,7,7,,True,True,
manjunath5496,manjunath5496/103-C-Plus-Plus-Programs,2021-10-28T17:21:07Z,9,9,,True,True,
manjunath5496,manjunath5496/106-Java-Programs,2021-10-31T18:56:01Z,15,15,,True,True,
manjunath5496,manjunath5496/11-DL-Papers-You-Need-To-Know-About-Understanding-CNNs,2020-08-16T16:36:22Z,1,1,,True,True,
manjunath5496,manjunath5496/11-Great-Computational-Biology-Papers,2020-12-09T11:08:26Z,3,3,,True,True,
manjunath5496,manjunath5496/11-Important-Papers-Every-Programmer-Should-Know,2021-05-08T09:50:58Z,6,6,,True,True,
manjunath5496,manjunath5496/11-Technical-Papers-Every-Programmer-Should-Read,2019-11-01T01:02:11Z,7,7,,True,True,
manjunath5496,manjunath5496/110-Good-Books-to-Read,2019-11-08T09:11:55Z,6,6,,True,True,
manjunath5496,manjunath5496/114-Eye-Opening-Books-About-the-Holocaust,2019-08-22T16:41:54Z,2,2,,True,True,
manjunath5496,manjunath5496/116-C-Programs,2021-10-22T12:41:19Z,8,8,,True,True,
tanaypratap,tanaypratap/ama,2019-04-18T11:04:27Z,50,50,,True,True,mit
tanaypratap,tanaypratap/buzzers,2018-10-27T03:54:33Z,2,2,JavaScript,True,True,
tanaypratap,tanaypratap/dare.neog.dev,2021-01-03T11:28:59Z,6,6,HTML,True,True,
tanaypratap,tanaypratap/docusaurus-experiments,2021-05-31T16:02:53Z,0,0,JavaScript,True,True,
tanaypratap,tanaypratap/experiments-with-jest,2021-05-14T12:15:07Z,7,7,JavaScript,True,True,
tanaypratap,tanaypratap/first-time-speakers,2020-10-02T17:45:44Z,19,19,,False,False,mit
tanaypratap,tanaypratap/fm.neog.dev,2021-01-03T08:24:30Z,4,4,JavaScript,True,True,mit
tanaypratap,tanaypratap/gradiot,2020-04-15T08:06:45Z,5,5,JavaScript,True,True,mit
tanaypratap,tanaypratap/graphql-wg,2019-04-27T02:46:03Z,1,1,,True,False,
tanaypratap,tanaypratap/io.metastartup.portfolio,2019-02-05T11:50:29Z,6,6,HTML,True,True,
tanaypratap,tanaypratap/io.metastartup.xpers,2019-02-16T06:35:47Z,4,4,HTML,True,True,
tanaypratap,tanaypratap/jobchallenge.dev,2020-03-10T08:11:58Z,1,1,HTML,True,True,mit
tanaypratap,tanaypratap/lcf-v2,2020-05-28T11:39:58Z,3,3,JavaScript,True,True,mit
tanaypratap,tanaypratap/learnCodingFree.org,2020-04-19T19:49:05Z,1,1,,True,True,mit
tanaypratap,tanaypratap/learning-deep-learning,2016-09-06T18:24:11Z,0,0,Jupyter Notebook,True,True,mit
tanaypratap,tanaypratap/mentorship-karona,2020-04-09T07:01:47Z,57,57,,True,True,mit
tanaypratap,tanaypratap/my-bootcamp-blog,2020-10-23T20:19:41Z,2,2,HTML,True,True,mit
tanaypratap,tanaypratap/my-react-router,2021-01-27T07:29:30Z,6,6,JavaScript,True,True,
tanaypratap,tanaypratap/myExpressApp,2021-10-08T05:25:38Z,1,1,JavaScript,True,True,
tanaypratap,tanaypratap/nodeschool-solutions,2016-12-03T20:54:40Z,2,2,JavaScript,True,True,mit
tanaypratap,tanaypratap/osi-slides,2019-10-17T19:47:31Z,0,0,CSS,True,True,
tanaypratap,tanaypratap/osi-workshop,2019-10-16T17:26:32Z,1,1,,True,True,
tanaypratap,tanaypratap/polaris,2018-07-08T16:30:14Z,15,15,TypeScript,True,True,mit
tanaypratap,tanaypratap/practice.android.about-me,2020-09-23T05:32:37Z,3,3,Kotlin,True,True,
tanaypratap,tanaypratap/practice.android.roll-dice,2020-09-23T05:03:34Z,0,0,Kotlin,True,True,
tanaypratap,tanaypratap/react-redux-express-starter,2016-09-13T19:52:14Z,2,2,JavaScript,True,True,mit
tanaypratap,tanaypratap/react-router,2021-04-02T18:00:58Z,0,0,,True,True,
tanaypratap,tanaypratap/react-webpack2-starter,2017-06-21T17:45:36Z,0,0,JavaScript,True,True,
tanaypratap,tanaypratap/react2025,2021-09-28T12:09:27Z,2,2,,True,False,
tanaypratap,tanaypratap/reactmeetup39,2018-11-15T14:23:48Z,2,2,JavaScript,True,True,mit
prateek27,prateek27/ai-robotics-project,2015-05-20T14:56:31Z,0,0,HTML,True,True,
prateek27,prateek27/alexnet,2019-01-17T14:33:00Z,0,0,Jupyter Notebook,True,True,
prateek27,prateek27/algo-6june-2019,2019-06-06T10:59:06Z,6,6,C++,True,True,
prateek27,prateek27/algo-9june-2019,2019-06-09T11:05:11Z,13,13,C++,True,True,
prateek27,prateek27/algo-june-18,2018-06-08T08:26:24Z,0,0,C++,True,True,
prateek27,prateek27/algo-pitampura-dec-2018,2018-12-14T12:57:21Z,36,36,C++,True,True,
prateek27,prateek27/Algorithms,2014-06-27T09:33:41Z,62,62,C++,True,True,
prateek27,prateek27/all-about-weather,2015-07-15T20:12:26Z,0,0,Java,True,True,
prateek27,prateek27/android-FlipView,2014-06-19T10:38:55Z,0,0,Java,True,True,apache-2.0
prateek27,prateek27/Android-SlideExpandableListView,2014-06-23T07:13:55Z,0,0,Java,True,True,apache-2.0
prateek27,prateek27/Android-Swipe-View,2014-07-13T19:46:46Z,0,0,Java,True,True,
prateek27,prateek27/android-word-cloud,2014-07-04T14:52:12Z,0,0,JavaScript,True,True,
prateek27,prateek27/android_animation_test,2014-06-18T08:03:33Z,0,0,,True,True,
prateek27,prateek27/angry-coders,2016-11-21T07:41:28Z,0,0,,True,True,
prateek27,prateek27/Blocks-of-Code-,2017-07-29T09:43:38Z,7,7,C++,True,True,
prateek27,prateek27/blog-prateek27.github.io-default,2015-01-01T17:37:42Z,1,1,JavaScript,True,True,
prateek27,prateek27/blood-cell-object-detection,2019-01-16T12:35:30Z,0,0,,True,True,
prateek27,prateek27/building-snakes-game-tutorial,2018-01-07T11:21:48Z,3,3,JavaScript,True,True,
prateek27,prateek27/bvp-markov-chain-workshop,2019-02-07T13:22:04Z,2,2,Jupyter Notebook,True,True,
prateek27,prateek27/ca-poster-generator,2018-06-07T10:40:46Z,1,1,Python,True,True,
prateek27,prateek27/calculator-javascript,2014-08-07T19:22:15Z,0,0,CSS,True,True,
prateek27,prateek27/cardslib,2014-06-17T19:37:43Z,0,0,Java,True,False,
prateek27,prateek27/cardsui-for-android,2014-06-23T07:51:48Z,0,0,Java,True,True,apache-2.0
prateek27,prateek27/cartoon-gan,2019-07-25T17:23:41Z,2,2,,True,True,
prateek27,prateek27/Catch-The-Pappu,2013-08-20T11:02:47Z,0,0,,True,True,
prateek27,prateek27/cfi-team30,2015-09-27T13:35:25Z,0,0,HTML,True,True,apache-2.0
prateek27,prateek27/cgc-workshop,2019-07-31T07:33:59Z,0,0,Jupyter Notebook,True,True,
prateek27,prateek27/Classical-Piano-Composer,2018-10-23T19:04:49Z,0,0,Python,True,True,
prateek27,prateek27/cnn-basics,2020-03-14T06:38:39Z,1,1,,True,True,
prateek27,prateek27/coding-orientation,2019-07-28T09:14:39Z,0,0,Jupyter Notebook,True,True,
Hack-with-Github,Hack-with-Github/Android-Sec,2016-07-03T12:54:05Z,35,35,,True,True,cc0-1.0
Hack-with-Github,Hack-with-Github/Awesome-Hacking,2016-03-30T15:47:10Z,84478,84478,,False,False,cc0-1.0
Hack-with-Github,Hack-with-Github/Awesome-Hacking-Tools,2016-04-05T14:50:31Z,142,142,,True,True,apache-2.0
Hack-with-Github,Hack-with-Github/Awesome-Security-Gists,2017-08-10T15:23:10Z,894,894,,True,False,cc0-1.0
Hack-with-Github,Hack-with-Github/Free-Security-eBooks,2016-04-21T12:26:50Z,4322,4322,,True,False,
Hack-with-Github,Hack-with-Github/InfoSec-Badges,2017-11-12T18:01:19Z,115,115,,True,False,
Hack-with-Github,Hack-with-Github/Peerlyst,2016-10-12T05:39:24Z,36,36,,True,True,apache-2.0
Hack-with-Github,Hack-with-Github/Powerful-Plugins,2016-04-29T10:44:18Z,826,826,,True,False,cc0-1.0
Hack-with-Github,Hack-with-Github/Revoke_API_Keys,2016-10-29T08:20:28Z,44,44,,True,True,mit
Hack-with-Github,Hack-with-Github/Security-Bookmarks,2016-11-20T06:44:15Z,51,51,,True,False,
Hack-with-Github,Hack-with-Github/Windows,2016-07-26T15:15:32Z,1565,1565,,True,True,
rahuldkjain,rahuldkjain/3d-animations,2023-03-10T15:07:11Z,6,6,TypeScript,True,True,apache-2.0
rahuldkjain,rahuldkjain/abhijithvijayan.in,2019-10-20T07:00:18Z,1,1,,True,False,mit
rahuldkjain,rahuldkjain/AdobeXD_Cheatsheet,2019-03-06T14:48:13Z,0,0,,True,True,
rahuldkjain,rahuldkjain/AI_Freelancing,2018-06-17T03:33:17Z,0,0,,True,True,
rahuldkjain,rahuldkjain/animations,2021-05-16T04:00:22Z,9,9,JavaScript,True,True,gpl-3.0
rahuldkjain,rahuldkjain/awesome-computer-science-opportunities,2019-04-13T13:22:25Z,2,2,,True,True,mit
rahuldkjain,rahuldkjain/awesome-frontendmasters,2020-11-21T07:46:05Z,309,309,,True,True,cc0-1.0
rahuldkjain,rahuldkjain/awesome-interview-questions,2019-09-06T05:22:44Z,2,2,,True,True,
rahuldkjain,rahuldkjain/awesome-python,2019-09-06T05:16:42Z,3,3,,True,False,other
rahuldkjain,rahuldkjain/awesome-vue,2019-07-08T03:25:59Z,0,0,,True,False,
rahuldkjain,rahuldkjain/Bill,2017-10-01T10:49:05Z,0,0,PHP,True,True,
rahuldkjain,rahuldkjain/blog,2020-05-18T02:31:09Z,3,3,HTML,True,True,
rahuldkjain,rahuldkjain/Budgety,2018-01-07T07:58:44Z,2,2,JavaScript,True,True,
rahuldkjain,rahuldkjain/Car-Pool,2018-09-09T04:13:12Z,1,1,HTML,True,True,
rahuldkjain,rahuldkjain/cards-stack-animation,2022-03-09T05:15:54Z,20,20,TypeScript,True,True,apache-2.0
rahuldkjain,rahuldkjain/Chatbot,2018-12-05T04:35:19Z,0,0,Python,True,True,
rahuldkjain,rahuldkjain/classification-using-custom-activation-functions,2020-05-30T04:49:33Z,1,1,Jupyter Notebook,True,True,gpl-3.0
rahuldkjain,rahuldkjain/coala-bears,2018-08-25T13:58:13Z,0,0,Python,True,False,agpl-3.0
rahuldkjain,rahuldkjain/color-themes,2019-10-17T05:33:20Z,0,0,Vue,True,True,mit
rahuldkjain,rahuldkjain/cool-bio-analytics,2021-07-14T05:06:14Z,4,4,JavaScript,True,True,mit
rahuldkjain,rahuldkjain/CoviThread,2019-05-18T04:35:24Z,0,0,Java,True,True,
rahuldkjain,rahuldkjain/CP,2018-07-13T10:02:40Z,0,0,Python,True,True,
rahuldkjain,rahuldkjain/Crop_Prediction,2019-03-02T05:50:40Z,63,63,HTML,True,True,
rahuldkjain,rahuldkjain/css-animation-transition-cheatsheet,2019-08-26T13:16:50Z,1,1,CSS,True,True,
rahuldkjain,rahuldkjain/css-grid-cheatsheet,2019-08-26T13:16:05Z,1,1,HTML,True,True,
rahuldkjain,rahuldkjain/Data-Structures-using-Python,2018-08-16T13:43:46Z,2,2,Jupyter Notebook,True,True,gpl-3.0
rahuldkjain,rahuldkjain/developerFolio,2020-04-10T14:23:41Z,4,4,,True,True,gpl-3.0
rahuldkjain,rahuldkjain/dhundho,2019-08-03T05:41:00Z,1,1,Java,True,True,
rahuldkjain,rahuldkjain/dhundho-frontend,2019-08-03T06:00:32Z,1,1,JavaScript,True,True,
rahuldkjain,rahuldkjain/django-notifications,2019-02-07T11:35:15Z,0,0,Python,True,True,bsd-3-clause
callicoder,callicoder/algorhythm,2015-05-18T17:59:23Z,3,3,C++,True,True,mit
callicoder,callicoder/AndroidRTC,2016-12-20T12:33:49Z,1,1,Java,True,True,other
callicoder,callicoder/apprtc-android,2016-12-20T12:39:15Z,1,1,Java,True,True,other
callicoder,callicoder/bagpiper,2015-10-15T15:13:03Z,4,4,Python,True,True,
callicoder,callicoder/callicoder,2020-08-14T04:23:46Z,6,6,,True,True,
callicoder,callicoder/clojure-koans,2018-10-31T06:25:03Z,2,2,Clojure,True,True,
callicoder,callicoder/csgo-price-indexing,2016-11-10T06:38:10Z,3,3,Python,True,True,
callicoder,callicoder/emitter,2018-10-16T11:10:01Z,3,3,Go,True,True,agpl-3.0
callicoder,callicoder/ethereum-development,2021-10-23T12:39:36Z,0,0,Solidity,True,True,
callicoder,callicoder/go-commons,2019-09-23T10:40:39Z,9,9,Go,True,True,
callicoder,callicoder/go-docker,2018-12-22T10:59:13Z,44,44,Go,True,True,
callicoder,callicoder/go-docker-compose,2018-12-23T11:25:28Z,114,114,Go,True,True,
callicoder,callicoder/go-docker-swarm,2018-12-23T11:53:38Z,13,13,Go,True,True,
callicoder,callicoder/go-kubernetes,2019-07-23T09:28:06Z,35,35,Go,True,True,
callicoder,callicoder/go-ready,2019-01-30T06:40:51Z,3,3,Go,True,True,
callicoder,callicoder/go-redis-kubernetes,2019-07-24T08:40:27Z,17,17,Go,True,True,
callicoder,callicoder/golang-tutorials,2018-01-19T14:22:33Z,396,396,Go,True,True,
callicoder,callicoder/java-collections-examples,2018-04-24T07:24:10Z,140,140,Java,True,True,
callicoder,callicoder/java-concurrency-examples,2017-05-09T09:01:16Z,282,282,Java,True,True,
callicoder,callicoder/java-read-write-csv-file,2017-09-29T03:45:56Z,66,66,Java,True,True,
callicoder,callicoder/java-read-write-excel-file-using-apache-poi,2017-12-22T12:03:07Z,119,119,Java,True,True,
callicoder,callicoder/java-snowflake,2018-11-17T10:29:36Z,173,173,Java,True,True,
callicoder,callicoder/javafx-examples,2017-05-02T10:20:24Z,104,104,Java,True,True,
callicoder,callicoder/jpa-hibernate-tutorials,2017-11-22T05:20:22Z,274,274,Java,True,True,
callicoder,callicoder/jsonlint,2020-11-19T17:56:11Z,1,1,,True,True,
callicoder,callicoder/kotlin-spring-boot-jpa-rest-api-demo,2017-10-05T08:44:01Z,89,89,Kotlin,True,True,
callicoder,callicoder/kotlin-tutorials,2018-01-19T16:08:39Z,5,5,Kotlin,True,True,
callicoder,callicoder/kubernetes-go-grpc,2018-12-17T17:24:55Z,4,4,Go,True,True,
callicoder,callicoder/lite-rx-api-hands-on,2017-09-08T09:41:58Z,2,2,Java,True,False,
callicoder,callicoder/material-commerce,2015-10-12T11:49:30Z,5,5,HTML,True,True,
vinitshahdeo,vinitshahdeo/10Xtober,2024-10-16T07:06:00Z,0,0,,True,False,mit
vinitshahdeo,vinitshahdeo/50DaysOfJavaScript,2023-01-07T18:03:07Z,31,31,HTML,True,True,mit
vinitshahdeo,vinitshahdeo/Agriculture,2018-03-18T11:34:37Z,0,0,PHP,True,True,mit
vinitshahdeo,vinitshahdeo/AlgoWiki,2018-11-22T01:57:28Z,0,0,CSS,True,True,mit
vinitshahdeo,vinitshahdeo/AndroidApps,2017-06-03T19:26:01Z,0,0,,True,True,mit
vinitshahdeo,vinitshahdeo/api-1,2020-06-28T13:35:49Z,1,1,,True,True,gpl-3.0
vinitshahdeo,vinitshahdeo/auto-comment,2024-02-08T14:27:45Z,0,0,,True,False,mit
vinitshahdeo,vinitshahdeo/awesome-hacktoberfest-2019,2019-10-11T11:39:38Z,1,1,,True,True,
vinitshahdeo,vinitshahdeo/awesome-projects-boilerplates,2019-03-17T20:50:53Z,1,1,,True,True,
vinitshahdeo,vinitshahdeo/awesome-tech-blogs,2022-02-27T21:29:38Z,1,1,JavaScript,True,True,
vinitshahdeo,vinitshahdeo/awesome-twitter-bots,2019-12-21T08:51:15Z,2,2,,True,True,
vinitshahdeo,vinitshahdeo/beautify-github-profile,2022-11-05T21:28:21Z,1,1,,True,True,cc0-1.0
vinitshahdeo,vinitshahdeo/Beginner-Template,2017-07-19T12:18:45Z,0,0,HTML,True,True,mit
vinitshahdeo,vinitshahdeo/celeb-diwali,2018-11-07T21:01:28Z,1,1,JavaScript,True,True,mit
vinitshahdeo,vinitshahdeo/chat-platform,2019-11-19T00:03:54Z,0,0,CSS,True,True,gpl-3.0
vinitshahdeo,vinitshahdeo/ChemicalEquationParser,2017-10-10T17:32:14Z,0,0,HTML,True,True,mit
vinitshahdeo,vinitshahdeo/chrome-app-samples,2017-04-03T16:19:29Z,0,0,JavaScript,True,True,apache-2.0
vinitshahdeo,vinitshahdeo/coaching-website,2017-05-04T20:00:10Z,6,6,HTML,True,True,mit
vinitshahdeo,vinitshahdeo/Code-A-Strike,2017-03-17T20:22:10Z,0,0,PHP,True,True,mit
vinitshahdeo,vinitshahdeo/Code-Monk,2017-10-18T22:11:11Z,0,0,,True,True,mit
vinitshahdeo,vinitshahdeo/CodeChef-VIT-Website,2017-08-27T16:00:54Z,2,2,HTML,True,True,mit
vinitshahdeo,vinitshahdeo/CodeChefVIT,2017-04-12T00:23:18Z,0,0,CSS,True,True,mit
vinitshahdeo,vinitshahdeo/CodeCombat,2017-04-06T20:47:27Z,1,1,JavaScript,True,True,mit
vinitshahdeo,vinitshahdeo/community-codechef,2018-02-01T17:34:11Z,1,1,Java,True,True,
vinitshahdeo,vinitshahdeo/Compiler,2017-11-27T10:18:23Z,0,0,,True,True,mit
vinitshahdeo,vinitshahdeo/Comprehensive,2018-12-14T15:27:44Z,0,0,,True,True,mit
vinitshahdeo,vinitshahdeo/Cook-Off-3.0,2017-09-22T10:17:10Z,7,7,C++,True,True,mit
vinitshahdeo,vinitshahdeo/cookie-cleaner,2019-01-10T12:15:08Z,0,0,CSS,True,True,mit
vinitshahdeo,vinitshahdeo/Cookie-Manager,2019-01-17T17:02:10Z,30,30,JavaScript,True,True,mit
vinitshahdeo,vinitshahdeo/CookOff,2017-05-26T10:56:23Z,1,1,C++,True,True,mit
preethamb97,preethamb97/competitive,2024-04-20T15:48:42Z,1,1,JavaScript,True,True,
preethamb97,preethamb97/competitive-programming-scalable-compilers-docker-load-balancer,2021-07-10T20:33:05Z,2,2,JavaScript,True,True,mit
preethamb97,preethamb97/compitative-programming-preparation,2022-03-10T17:23:10Z,3,3,C++,True,True,
preethamb97,preethamb97/cryto-market-realtime-data-with-top-trending-and-loosing-cryptos,2021-05-15T14:56:01Z,1,1,JavaScript,True,True,
preethamb97,preethamb97/datastructucture-and-algorithm-math,2021-07-16T19:07:24Z,2,2,JavaScript,True,True,
preethamb97,preethamb97/docker-containers,2021-07-01T15:20:09Z,3,3,JavaScript,True,True,
preethamb97,preethamb97/express-app-with-midleware-tdd,2021-08-27T17:29:14Z,1,1,JavaScript,True,True,
preethamb97,preethamb97/flux,2024-08-20T02:28:49Z,0,0,,True,True,apache-2.0
preethamb97,preethamb97/Free-proxy-Finder-and-crawling-anonymously,2020-06-20T08:03:29Z,8,8,Python,True,True,
preethamb97,preethamb97/Interview_DS_Algo,2024-08-31T18:54:39Z,0,0,,True,True,
preethamb97,preethamb97/kubernetes-projects,2022-01-19T16:04:32Z,1,1,,True,True,
preethamb97,preethamb97/nginx-basics-with-docker-and-express,2021-07-10T11:12:34Z,1,1,,True,True,
preethamb97,preethamb97/nginx-loadbalancer-with-docker,2021-07-09T17:12:22Z,5,5,JavaScript,True,True,
preethamb97,preethamb97/nginx-proxy-manager-demo,2022-03-15T17:08:55Z,4,4,,True,True,
preethamb97,preethamb97/nodejs---ultimate-guide,2021-09-12T08:45:04Z,1,1,HTML,True,True,
preethamb97,preethamb97/nodejs-aws-services,2021-09-23T06:53:56Z,1,1,,True,True,
preethamb97,preethamb97/preetham-portfolio,2024-07-22T06:44:24Z,0,0,JavaScript,True,False,
preethamb97,preethamb97/preethamb97,2021-07-07T15:06:31Z,19,19,,True,True,
preethamb97,preethamb97/quicknews,2022-02-19T20:41:37Z,3,3,TypeScript,True,True,
preethamb97,preethamb97/React-Native---Projects,2022-02-13T17:28:00Z,1,1,JavaScript,True,True,
preethamb97,preethamb97/react-projects,2021-09-08T16:25:43Z,1,1,JavaScript,True,True,
preethamb97,preethamb97/reactjs-currency-exchange,2024-08-21T13:46:12Z,0,0,JavaScript,True,False,
preethamb97,preethamb97/realtime-crypto-market-rate-fetcher,2020-04-05T09:18:13Z,3,3,Python,True,True,
preethamb97,preethamb97/Simple-ML-supervised-learning-with-realtime-demo,2019-06-12T16:39:01Z,1,1,Python,True,True,
preethamb97,preethamb97/simple-php-Rest-API,2019-12-22T03:42:58Z,1,1,PHP,True,True,
preethamb97,preethamb97/Tailwind-CSS---Projects,2022-01-16T15:06:10Z,1,1,JavaScript,True,True,
preethamb97,preethamb97/utilizing-cores-with-express,2021-07-19T17:25:08Z,2,2,JavaScript,True,True,
preethamb97,preethamb97/vim-config,2024-05-19T17:47:26Z,0,0,Lua,True,True,apache-2.0
preethamb97,preethamb97/webrtc,2022-03-14T16:38:22Z,2,2,JavaScript,True,True,
preethamb97,preethamb97/YouTube,2024-08-21T06:06:36Z,0,0,,True,True,
nikhita,nikhita/.github,2021-01-28T08:59:21Z,0,0,,True,True,apache-2.0
nikhita,nikhita/AlgoWiki,2016-08-03T16:23:46Z,1,1,HTML,True,True,mit
nikhita,nikhita/anaconda_rust,2017-02-12T02:54:44Z,1,1,Python,True,True,gpl-3.0
nikhita,nikhita/api,2017-10-23T11:55:53Z,1,1,Go,True,True,apache-2.0
nikhita,nikhita/apiextensions-apiserver,2017-10-23T11:53:18Z,1,1,Go,True,True,apache-2.0
nikhita,nikhita/apimachinery,2017-10-23T11:50:23Z,1,1,Go,True,True,apache-2.0
nikhita,nikhita/apiserver,2017-10-23T11:48:12Z,1,1,Go,True,True,apache-2.0
nikhita,nikhita/apiserver-builder,2018-09-01T13:17:48Z,1,1,Go,True,True,apache-2.0
nikhita,nikhita/application,2020-07-11T15:03:13Z,0,0,,True,False,apache-2.0
nikhita,nikhita/architecture-tracking,2018-09-01T14:12:31Z,1,1,,True,False,apache-2.0
nikhita,nikhita/asknot-ng,2017-11-25T17:53:58Z,1,1,JavaScript,True,False,gpl-3.0
nikhita,nikhita/autoscaler,2017-09-25T18:51:58Z,1,1,Go,True,True,apache-2.0
nikhita,nikhita/awesome-go,2017-06-10T23:45:07Z,1,1,Go,True,False,mit
nikhita,nikhita/aws-alb-ingress-controller,2018-12-27T10:22:12Z,1,1,Go,True,True,apache-2.0
nikhita,nikhita/aws-iam-authenticator,2018-12-27T11:52:05Z,1,1,Go,True,False,apache-2.0
nikhita,nikhita/AzureGameServersScalingKubernetes,2018-08-27T13:05:58Z,1,1,Go,True,False,mit
nikhita,nikhita/bazel,2018-06-27T08:47:14Z,1,1,Java,True,True,apache-2.0
nikhita,nikhita/bazel-gazelle,2018-07-06T10:17:21Z,1,1,Go,True,False,apache-2.0
nikhita,nikhita/checkfileinrepo,2018-12-26T21:32:15Z,2,2,Go,True,True,mit
nikhita,nikhita/clabot-test,2019-07-23T17:19:02Z,1,1,,True,True,
nikhita,nikhita/client-go,2017-05-28T20:36:42Z,1,1,Go,True,True,apache-2.0
nikhita,nikhita/client-go-1,2018-06-25T07:11:40Z,1,1,Shell,True,True,apache-2.0
nikhita,nikhita/client-go-4-to-5,2017-12-12T16:27:47Z,1,1,Go,True,True,apache-2.0
nikhita,nikhita/cloud-provider,2018-12-04T05:01:42Z,1,1,Go,True,True,apache-2.0
nikhita,nikhita/cloud-provider-alibaba-cloud,2018-12-27T09:53:32Z,1,1,Go,True,True,apache-2.0
nikhita,nikhita/cloud-provider-aws,2018-07-19T04:53:21Z,1,1,Go,True,True,apache-2.0
nikhita,nikhita/cloud-provider-azure,2018-07-19T05:00:25Z,1,1,Go,True,True,apache-2.0
nikhita,nikhita/cloud-provider-baiducloud,2020-07-11T15:11:44Z,0,0,,True,True,apache-2.0
nikhita,nikhita/cloud-provider-gcp,2018-07-19T05:06:24Z,1,1,Shell,True,True,apache-2.0
nikhita,nikhita/cloud-provider-sample,2018-12-27T10:07:06Z,1,1,,True,True,
captn3m0,captn3m0/.css,2014-06-06T14:37:50Z,0,0,CSS,True,True,
captn3m0,captn3m0/.js,2014-06-06T14:37:30Z,0,0,JavaScript,True,True,
captn3m0,captn3m0/1mb-club,2022-07-19T05:49:46Z,0,0,,True,True,mit
captn3m0,captn3m0/512kb.club,2023-06-09T09:37:41Z,0,0,,True,True,mit
captn3m0,captn3m0/access-dashboard,2014-10-15T04:47:52Z,0,0,Ruby,True,True,
captn3m0,captn3m0/AddToEvernote,2014-06-14T15:42:11Z,0,0,PHP,True,True,mit
captn3m0,captn3m0/airsonic-documentation,2018-01-01T00:57:36Z,0,0,,True,False,gpl-3.0
captn3m0,captn3m0/airsonic.github.io,2018-01-25T18:42:49Z,0,0,JavaScript,True,False,other
captn3m0,captn3m0/airtel-blocked-hosts,2021-10-10T07:28:56Z,20,20,Shell,False,True,wtfpl
captn3m0,captn3m0/akira,2012-04-06T15:24:20Z,1,1,JavaScript,True,True,
captn3m0,captn3m0/akira-backend,2012-04-06T15:26:15Z,2,2,PHP,True,True,
captn3m0,captn3m0/algorithms,2012-10-30T03:15:00Z,0,0,C++,True,True,
captn3m0,captn3m0/alpha-zero-general,2020-06-23T18:21:30Z,0,0,,True,True,mit
captn3m0,captn3m0/Amazon-Alert,2017-08-03T05:50:14Z,2,2,Python,True,True,
captn3m0,captn3m0/amazon-eks-user-guide,2022-09-19T05:52:10Z,0,0,,True,False,other
captn3m0,captn3m0/amon,2014-08-16T05:18:03Z,17,17,Ruby,True,True,
captn3m0,captn3m0/annotated_deep_learning_paper_implementations,2021-06-23T06:43:06Z,0,0,,True,True,mit
captn3m0,captn3m0/ansible-role-ruby,2014-09-25T08:03:33Z,0,0,,True,True,
captn3m0,captn3m0/apk-mitm-docker,2024-03-03T13:35:50Z,0,0,Dockerfile,True,True,mit
captn3m0,captn3m0/apkleaks,2022-03-11T06:16:24Z,0,0,,True,True,apache-2.0
captn3m0,captn3m0/argo-cd,2023-07-31T08:55:40Z,0,0,,True,True,apache-2.0
captn3m0,captn3m0/ariel,2011-03-30T02:48:09Z,2,2,JavaScript,True,True,
captn3m0,captn3m0/asahi-identifier,2024-03-05T10:42:00Z,0,0,Shell,True,True,
captn3m0,captn3m0/asmodee-owns-it,2022-10-11T06:03:37Z,1,1,PHP,True,True,
captn3m0,captn3m0/atom,2014-05-08T06:52:05Z,0,0,CoffeeScript,True,False,mit
captn3m0,captn3m0/Atraci-website,2014-10-06T11:03:02Z,0,0,,True,True,
captn3m0,captn3m0/audioserve,2019-01-01T19:50:14Z,0,0,Rust,True,True,
captn3m0,captn3m0/aur-python-present,2020-09-16T09:44:20Z,1,1,Shell,True,True,
captn3m0,captn3m0/avatars,2014-06-09T19:33:10Z,2,2,,True,True,cc-by-sa-4.0
captn3m0,captn3m0/awesome,2015-07-17T07:52:55Z,1,1,,True,False,
sunnysavita10,sunnysavita10/AI-Agents,2024-06-23T07:00:27Z,2,2,Jupyter Notebook,True,True,
sunnysavita10,sunnysavita10/Airflow-Windows-Installation,2023-01-28T05:57:38Z,2,2,Dockerfile,True,True,gpl-3.0
sunnysavita10,sunnysavita10/Algerian-Forest-Fires-Prediction,2023-03-17T15:24:51Z,2,2,Jupyter Notebook,True,True,
sunnysavita10,sunnysavita10/annoy,2023-02-28T11:25:03Z,2,2,,True,True,apache-2.0
sunnysavita10,sunnysavita10/Automated-MCQ-Generator-Using-Langchain-OpenAI-API,2023-12-11T10:06:46Z,49,49,Jupyter Notebook,True,True,
sunnysavita10,sunnysavita10/awesome-deep-learning-papers,2023-08-28T20:08:19Z,4,4,,True,True,
sunnysavita10,sunnysavita10/AzureOpenAI-Crash-Course,2024-05-24T11:05:07Z,17,17,Python,True,True,
sunnysavita10,sunnysavita10/BentoML,2023-03-18T07:53:52Z,1,1,,True,False,apache-2.0
sunnysavita10,sunnysavita10/cassandra,2021-08-13T11:41:07Z,2,2,,True,False,apache-2.0
sunnysavita10,sunnysavita10/Census-Income-Prediction,2023-03-25T10:36:53Z,4,4,Jupyter Notebook,True,True,
sunnysavita10,sunnysavita10/Chainlit,2024-05-05T05:21:09Z,1,1,Python,True,True,
sunnysavita10,sunnysavita10/Chest-XRay-Classification,2024-02-05T08:58:36Z,9,9,Jupyter Notebook,True,True,mit
sunnysavita10,sunnysavita10/CI-CD-Demo,2022-10-27T19:21:08Z,1,1,Python,True,True,mit
sunnysavita10,sunnysavita10/CircleCI-Demo,2022-05-31T16:06:56Z,2,2,Python,True,True,mit
sunnysavita10,sunnysavita10/CNN-Image-Classifier-with-DVC,2023-09-28T14:58:38Z,7,7,Jupyter Notebook,True,True,mit
sunnysavita10,sunnysavita10/Confluent-Kafka-Setup,2023-01-14T06:28:25Z,1,1,,True,True,mit
sunnysavita10,sunnysavita10/Confluent-Kafka-with-Python-Streamlining-Data,2023-01-14T06:59:54Z,4,4,Python,True,True,mit
sunnysavita10,sunnysavita10/Convolutional-Neural-Network-CNN-foundation,2023-01-14T12:20:19Z,12,12,Jupyter Notebook,True,True,
sunnysavita10,sunnysavita10/Credit-Card-Default-Prediction,2023-06-14T14:59:24Z,6,6,Jupyter Notebook,True,True,
sunnysavita10,sunnysavita10/Data-Science-Interview-Prepration,2024-02-26T09:39:47Z,23,23,,True,True,
sunnysavita10,sunnysavita10/Data-Science-Interview-Questions-30-days-interview-preparation-,2020-10-09T06:56:48Z,106,106,,True,True,
sunnysavita10,sunnysavita10/Decision-Tree-Implementation,2020-04-01T13:37:20Z,2,2,Jupyter Notebook,True,True,
sunnysavita10,sunnysavita10/Deep-Learning-ANN,2023-07-08T12:26:21Z,37,37,Jupyter Notebook,True,True,
sunnysavita10,sunnysavita10/Deploy-BERT-for-Sentiment-Analysis-with-FastAPI,2023-02-28T17:00:39Z,3,3,,True,True,mit
sunnysavita10,sunnysavita10/Deployement-Using-AWS-App-Runner,2023-01-19T09:47:34Z,2,2,Python,True,True,
sunnysavita10,sunnysavita10/Dog-Cat-Classifier-Image-Classifier-,2020-10-17T15:01:36Z,2,2,HTML,True,True,
sunnysavita10,sunnysavita10/DVC-Demo,2023-06-25T09:58:52Z,5,5,Jupyter Notebook,True,True,
sunnysavita10,sunnysavita10/E-Commerce-Chatbot,2024-05-17T11:49:44Z,4,4,Python,True,True,
sunnysavita10,sunnysavita10/End-to-End-Forest-Cover-Type-Prediction,2020-08-18T10:50:11Z,6,6,Python,True,True,
sunnysavita10,sunnysavita10/End-To-End-ML-Project-Template,2022-06-05T16:51:46Z,3,3,Shell,True,True,mit
laxmimerit,laxmimerit/All-CSV-ML-Data-Files-Download,2019-05-26T18:35:09Z,48,48,,True,True,
laxmimerit,laxmimerit/Amazon-Musical-Reviews-Rating-Dataset,2020-08-19T20:01:55Z,8,8,,True,True,
laxmimerit,laxmimerit/aws-shell,2020-08-22T09:20:03Z,0,0,,True,False,apache-2.0
laxmimerit,laxmimerit/Bank-Customer-Satisfaction-Prediction-Using-CNN-and-Feature-Selection,2019-09-03T17:17:56Z,0,0,Jupyter Notebook,True,True,
laxmimerit,laxmimerit/Breast-Cancer-Detection-Using-CNN-in-Python,2019-09-03T09:04:04Z,0,0,Jupyter Notebook,True,True,
laxmimerit,laxmimerit/Building-Your-First-ANN-with-TensorFlow-2.0,2019-08-28T16:14:17Z,3,3,Jupyter Notebook,True,True,
laxmimerit,laxmimerit/climate,2020-12-17T20:36:09Z,0,0,,True,True,mit
laxmimerit,laxmimerit/complete-seaborn-crash-course,2019-06-04T00:26:25Z,0,0,Jupyter Notebook,True,True,
laxmimerit,laxmimerit/COVID-19,2021-01-01T17:50:49Z,1,1,,True,True,
laxmimerit,laxmimerit/Covid-19-Preprocessed-Dataset,2022-01-09T18:28:26Z,10,10,Python,True,True,
laxmimerit,laxmimerit/Credit-Card-Fraud-Detection-using-CNN-in-TensorFlow-2.0,2019-09-04T13:47:11Z,0,0,Jupyter Notebook,True,True,
laxmimerit,laxmimerit/Customer-Churn-Modelling-using-Multi-Layer-Perceptron,2023-01-19T17:32:46Z,2,2,Jupyter Notebook,True,True,
laxmimerit,laxmimerit/CV-Parsing-using-Spacy-3,2020-04-19T17:33:47Z,87,87,,True,True,
laxmimerit,laxmimerit/Data-Files-for-Feature-Selection,2019-08-14T17:38:29Z,0,0,,True,True,
laxmimerit,laxmimerit/Deep-Learning-Tutorial-2---Fashion-MNIST-Data-Classification,2023-04-17T17:27:14Z,0,0,Jupyter Notebook,True,True,
laxmimerit,laxmimerit/Deep-Learning-Tutorial-3-Horse-or-Human-Classification-using-CNN,2023-04-29T14:40:19Z,1,1,Jupyter Notebook,True,True,
laxmimerit,laxmimerit/Deep-Learning-Tutorial-4-cats-vs-dogs-classification,2023-04-30T07:53:11Z,1,1,Jupyter Notebook,True,True,
laxmimerit,laxmimerit/Deep-Learning-Tutorial-5-Multiclass-Flowers-Classification-using-Transfer-Learning-with-VGG16,2023-05-03T19:35:36Z,1,1,Jupyter Notebook,True,True,
laxmimerit,laxmimerit/Deep-Learning-with-TensorFlow-Tutorials,2024-04-09T16:26:48Z,1,1,Jupyter Notebook,True,True,
laxmimerit,laxmimerit/DeepCTR,2021-10-17T07:03:23Z,0,0,,True,True,apache-2.0
laxmimerit,laxmimerit/docker-cheat-sheet,2020-07-24T06:19:58Z,2,2,,True,True,cc-by-4.0
laxmimerit,laxmimerit/DockerCasts,2020-07-21T19:21:23Z,0,0,,True,True,
laxmimerit,laxmimerit/dog-cat-full-dataset,2019-09-01T11:00:16Z,27,27,,True,True,
laxmimerit,laxmimerit/elasticsearch-learning-to-rank,2020-07-08T13:56:47Z,0,0,,True,True,apache-2.0
laxmimerit,laxmimerit/elasticsearch-ltr-py,2020-07-08T19:44:30Z,0,0,,True,True,mit
laxmimerit,laxmimerit/emotion-recognition-text-dataset,2020-07-26T10:51:33Z,4,4,Jupyter Notebook,True,True,
laxmimerit,laxmimerit/fake-real-news-dataset,2021-05-01T10:40:37Z,10,10,,True,True,apache-2.0
laxmimerit,laxmimerit/feature-engineering-for-machine-learning-dataset,2020-09-25T13:59:40Z,7,7,,True,True,
laxmimerit,laxmimerit/gpml,2021-03-31T11:55:14Z,0,0,,True,True,
laxmimerit,laxmimerit/hate_speech_dataset,2020-08-01T08:01:30Z,1,1,,True,True,
mr-karan,mr-karan/1brc-go,2024-01-03T14:49:56Z,17,17,Go,True,False,mit
mr-karan,mr-karan/alertmanager,2022-11-02T10:12:41Z,1,1,Go,True,False,apache-2.0
mr-karan,mr-karan/alertmatter,2023-12-15T05:59:27Z,7,7,Go,True,True,mit
mr-karan,mr-karan/Algorithm-Implementations--Python,2015-08-18T12:57:12Z,1,1,Python,True,True,mit
mr-karan,mr-karan/ansible-server-logs-monitoring,2018-12-28T05:23:57Z,7,7,,True,True,mit
mr-karan,mr-karan/awesome-investing,2017-08-18T03:55:45Z,1905,1905,,True,True,cc0-1.0
mr-karan,mr-karan/aws-dc-exporter,2019-12-15T10:53:49Z,1,1,Go,True,True,mit
mr-karan,mr-karan/balance,2023-01-17T08:54:55Z,21,21,Go,True,True,mit
mr-karan,mr-karan/barreldb,2022-11-25T06:18:21Z,167,167,Go,True,True,mit
mr-karan,mr-karan/benthos,2023-07-20T01:46:19Z,0,0,Go,True,False,mit
mr-karan,mr-karan/BigDataAssignments,2016-09-12T10:48:05Z,0,0,HTML,True,True,
mr-karan,mr-karan/caddy-plugins-docker,2020-08-08T16:01:30Z,5,5,Dockerfile,True,True,mit
mr-karan,mr-karan/calert,2018-12-26T16:33:21Z,153,153,Go,True,True,mit
mr-karan,mr-karan/calwarrior,2020-01-19T13:53:25Z,7,7,Vue,True,True,wtfpl
mr-karan,mr-karan/cgroup-stats,2023-10-11T15:58:48Z,4,4,Go,True,False,mit
mr-karan,mr-karan/clickhouse-keeper-example,2021-12-17T11:10:27Z,31,31,Makefile,True,True,mit
mr-karan,mr-karan/client-native,2022-09-12T12:37:27Z,1,1,,True,True,apache-2.0
mr-karan,mr-karan/cloak,2022-10-13T17:12:54Z,33,33,Go,True,True,mit
mr-karan,mr-karan/clx,2024-04-26T18:13:06Z,17,17,Go,True,True,mit
mr-karan,mr-karan/coala-bear-docs-gsoc,2016-08-10T11:00:48Z,0,0,,True,True,
mr-karan,mr-karan/coredns,2023-01-05T07:05:44Z,1,1,Go,True,False,apache-2.0
mr-karan,mr-karan/coredns-nomad,2023-01-03T08:37:27Z,30,30,Go,True,True,
mr-karan,mr-karan/CSD-335-Assignment-Solns,2015-08-29T14:43:44Z,0,0,Java,True,True,
mr-karan,mr-karan/dataplaneapi,2022-09-12T08:42:25Z,1,1,,True,True,apache-2.0
mr-karan,mr-karan/datasciencecoursera,2016-01-09T07:48:08Z,0,0,,True,True,mit
mr-karan,mr-karan/dns.toys,2022-06-24T06:33:46Z,0,0,Go,True,False,mit
mr-karan,mr-karan/doggo,2020-12-09T05:07:07Z,3058,3058,Go,True,True,gpl-3.0
mr-karan,mr-karan/ebs-snapshot-exporter,2019-07-09T12:49:49Z,8,8,Go,True,True,mit
mr-karan,mr-karan/eks-gitops,2019-06-28T05:32:52Z,6,6,Dockerfile,True,True,mit
mr-karan,mr-karan/env.wiki.directory,2023-04-07T16:03:52Z,0,0,HTML,True,False,cc-by-sa-4.0
abhishh1,abhishh1/abhishh1,2020-09-14T03:49:27Z,19,19,,True,True,
abhishh1,abhishh1/awesome_flutter_designs,2022-09-14T16:03:43Z,13,13,Dart,True,True,
abhishh1,abhishh1/awesome_widgets,2022-05-19T13:29:54Z,20,20,Dart,True,True,mit
abhishh1,abhishh1/Bulldozer-Price-Prediction,2020-05-24T07:46:42Z,2,2,Jupyter Notebook,True,True,
abhishh1,abhishh1/cache_manager,2021-09-24T07:49:01Z,14,14,Dart,True,True,mit
abhishh1,abhishh1/dart_important_concepts,2023-09-17T06:22:00Z,16,16,,True,True,
abhishh1,abhishh1/Dog-Breed-Identification,2020-06-01T06:09:19Z,2,2,Jupyter Notebook,True,True,
abhishh1,abhishh1/easy_api,2022-05-21T06:05:34Z,9,9,C++,True,True,mit
abhishh1,abhishh1/flutter-snippets,2024-09-27T09:16:34Z,8,8,Dart,True,True,
abhishh1,abhishh1/flutter_aws_course_yt,2020-09-03T09:21:49Z,8,8,Dart,True,True,
abhishh1,abhishh1/flutter_firebase_basics_yt,2020-08-27T09:03:41Z,12,12,Dart,True,True,
abhishh1,abhishh1/flutter_google_maps_integration_yt,2020-09-20T11:20:34Z,8,8,Dart,True,True,
abhishh1,abhishh1/flutter_onboarding_app,2023-08-18T09:52:35Z,4,4,Dart,True,True,
abhishh1,abhishh1/flutter_rest_api_integration_yt,2020-10-11T12:05:30Z,9,9,Dart,True,True,
abhishh1,abhishh1/flutter_sleep_tracker_app,2023-08-13T07:43:47Z,6,6,Dart,True,True,
abhishh1,abhishh1/flutter_stripe_integration_yt,2020-09-07T08:47:21Z,7,7,Dart,True,True,
abhishh1,abhishh1/flutter_utils,2022-06-04T05:01:13Z,367,367,Dart,True,True,
abhishh1,abhishh1/Kaggle-HousePricePred,2020-05-24T12:45:04Z,2,2,Jupyter Notebook,True,True,
abhishh1,abhishh1/meta_validator,2022-04-23T06:24:56Z,9,9,Dart,True,True,mit
abhishh1,abhishh1/typescript_course_yt,2021-03-27T13:42:04Z,3,3,TypeScript,True,True,
abhishh1,abhishh1/udemy_clone_course_yt,2020-10-16T06:35:45Z,16,16,Dart,True,True,
uchiha-suraj,uchiha-suraj/airbnb-clone,2021-06-02T10:57:35Z,11,11,JavaScript,True,True,
uchiha-suraj,uchiha-suraj/bootstrap,2021-03-01T16:37:34Z,0,0,JavaScript,True,True,
uchiha-suraj,uchiha-suraj/budget-tracker,2022-07-09T07:08:06Z,7,7,JavaScript,True,True,
uchiha-suraj,uchiha-suraj/color-generator-react,2021-11-09T06:33:36Z,0,0,JavaScript,True,True,
uchiha-suraj,uchiha-suraj/coreui-admin,2022-05-07T17:58:59Z,2,2,JavaScript,True,True,mit
uchiha-suraj,uchiha-suraj/covid-19-tracker-app,2021-02-09T10:03:40Z,13,13,JavaScript,True,True,
uchiha-suraj,uchiha-suraj/discord-clone,2021-06-07T07:11:48Z,11,11,JavaScript,True,True,
uchiha-suraj,uchiha-suraj/disney-plus-clone,2021-06-10T11:18:31Z,13,13,JavaScript,True,True,
uchiha-suraj,uchiha-suraj/docs-editor,2022-06-16T07:41:39Z,5,5,JavaScript,True,True,
uchiha-suraj,uchiha-suraj/Draft_Editor-reactjs,2022-04-09T00:22:14Z,2,2,JavaScript,True,True,
uchiha-suraj,uchiha-suraj/EJ2_Editor-reactjs,2022-04-09T00:15:36Z,1,1,JavaScript,True,True,
uchiha-suraj,uchiha-suraj/expressJsPractise,2021-03-01T07:52:25Z,0,0,CSS,True,True,
uchiha-suraj,uchiha-suraj/gmail-clone,2021-03-21T14:36:13Z,14,14,JavaScript,True,True,
uchiha-suraj,uchiha-suraj/google-clone,2021-06-05T05:29:50Z,15,15,JavaScript,True,True,
uchiha-suraj,uchiha-suraj/google-drive-clone,2021-06-05T08:59:37Z,6,6,JavaScript,True,True,
uchiha-suraj,uchiha-suraj/Hotel_Booking,2023-04-17T09:52:01Z,4,4,TypeScript,True,True,
uchiha-suraj,uchiha-suraj/HTML-CSS,2020-11-30T07:24:39Z,0,0,CSS,True,True,
uchiha-suraj,uchiha-suraj/ig-reels,2021-06-29T15:41:23Z,6,6,JavaScript,True,True,
uchiha-suraj,uchiha-suraj/Javascript-Calculator,2022-02-19T18:52:18Z,5,5,JavaScript,True,True,
uchiha-suraj,uchiha-suraj/javascriptAdvanceProjects,2021-06-18T15:50:57Z,7,7,JavaScript,True,True,
uchiha-suraj,uchiha-suraj/javascriptMiniProjects,2021-03-04T20:39:12Z,7,7,CSS,True,True,
uchiha-suraj,uchiha-suraj/javascriptPractise,2021-02-27T09:49:16Z,0,0,JavaScript,True,True,
uchiha-suraj,uchiha-suraj/javascriptProjects,2021-06-18T17:09:12Z,6,6,CSS,True,True,
uchiha-suraj,uchiha-suraj/js-and-jQuery,2021-06-29T16:12:43Z,0,0,CSS,True,True,
uchiha-suraj,uchiha-suraj/JWT-authentication,2022-05-16T11:10:05Z,4,4,JavaScript,True,True,
uchiha-suraj,uchiha-suraj/kendo-react-ui,2021-10-04T11:09:13Z,4,4,JavaScript,True,True,
uchiha-suraj,uchiha-suraj/messaging-app,2021-06-13T06:48:01Z,5,5,JavaScript,True,True,
uchiha-suraj,uchiha-suraj/Music-player-app,2022-10-09T07:32:35Z,6,6,JavaScript,True,True,
uchiha-suraj,uchiha-suraj/my_first_npm_package,2022-07-04T07:00:40Z,8,8,JavaScript,True,True,
uchiha-suraj,uchiha-suraj/NextJs-GraphQL-blog-site,2022-02-01T12:08:21Z,11,11,JavaScript,True,True,
swapagarwal,swapagarwal/api-starter-kit,2016-01-23T02:38:46Z,2,2,,True,True,mit
swapagarwal,swapagarwal/automata-from-regex,2015-06-20T18:27:44Z,98,98,C++,True,True,
swapagarwal,swapagarwal/awesome,2018-05-01T13:15:25Z,4,4,,True,False,
swapagarwal,swapagarwal/awesome-dropbox,2015-10-31T17:01:48Z,14,14,,True,True,
swapagarwal,swapagarwal/awesome-eli5,2018-05-17T17:57:07Z,392,392,,True,True,
swapagarwal,swapagarwal/awesome-for-non-programmers,2018-05-22T15:49:35Z,2,2,,True,True,
swapagarwal,swapagarwal/awesome-gitbook-plugins,2018-04-14T18:09:38Z,58,58,,True,True,
swapagarwal,swapagarwal/awesome-inspiration,2017-06-30T17:25:14Z,253,253,,True,True,
swapagarwal,swapagarwal/awesome-uses,2019-03-24T19:05:11Z,3,3,JavaScript,True,True,
swapagarwal,swapagarwal/awesomeconf.xyz,2020-04-19T13:12:42Z,5,5,CSS,True,True,
swapagarwal,swapagarwal/aws-remote,2015-10-12T18:26:03Z,3,3,Go,True,True,mit
swapagarwal,swapagarwal/BlackJack,2013-06-29T19:52:48Z,19,19,Java,True,True,mit
swapagarwal,swapagarwal/brainf--k,2013-10-11T15:54:54Z,2,2,Python,True,True,mit
swapagarwal,swapagarwal/bunnies-and-badgers,2013-07-03T04:41:34Z,8,8,Python,True,True,mit
swapagarwal,swapagarwal/cfd,2016-06-02T06:34:05Z,2,2,,True,True,
swapagarwal,swapagarwal/coala-bears,2017-11-01T08:06:18Z,3,3,Python,True,False,agpl-3.0
swapagarwal,swapagarwal/CodeChefSubmitHelper,2013-10-24T19:20:16Z,2,2,JavaScript,True,True,mit
swapagarwal,swapagarwal/codejudge,2013-06-25T12:26:24Z,2,2,PHP,True,True,mit
swapagarwal,swapagarwal/compiler,2015-08-10T18:14:00Z,3,3,C++,True,True,
swapagarwal,swapagarwal/Controllr,2014-06-04T19:24:57Z,2,2,Python,True,True,
swapagarwal,swapagarwal/corobo,2017-10-16T21:29:37Z,2,2,Python,True,True,mit
swapagarwal,swapagarwal/dotfiles,2015-04-26T19:38:52Z,2,2,Shell,True,True,mit
swapagarwal,swapagarwal/dropbox_ignore,2015-08-29T16:58:41Z,16,16,Python,True,True,
swapagarwal,swapagarwal/dxclub.io,2019-11-23T06:35:34Z,6,6,HTML,True,True,
swapagarwal,swapagarwal/egghead-instructor-101-guide,2018-04-14T18:21:40Z,1,1,JavaScript,True,False,
swapagarwal,swapagarwal/geeksay,2018-09-26T05:14:37Z,215,215,HTML,True,True,mit
swapagarwal,swapagarwal/gitbook-plugin-insert-logo,2018-03-21T17:26:20Z,1,1,JavaScript,True,True,unlicense
swapagarwal,swapagarwal/gojudge,2015-10-01T18:17:41Z,2,2,Go,True,True,
swapagarwal,swapagarwal/gotapper,2015-09-26T00:13:02Z,11,11,Go,True,True,
swapagarwal,swapagarwal/grite,2013-06-30T12:47:25Z,2,2,JavaScript,True,True,mit
agnivade,agnivade/adda,2017-05-08T15:36:45Z,1,1,Vue,True,True,mit
agnivade,agnivade/adsb-decode-guide,2017-03-23T06:14:44Z,1,1,Python,True,True,gpl-2.0
agnivade,agnivade/agnivade.github.io,2015-09-30T09:07:35Z,3,3,HTML,True,True,
agnivade,agnivade/apollo-graphql-poc,2023-02-02T07:48:02Z,1,1,,True,True,
agnivade,agnivade/atan2-vfmadd,2017-09-08T19:24:00Z,1,1,Go,True,True,
agnivade,agnivade/automation-dashboard,2024-03-05T04:06:15Z,0,0,,True,True,apache-2.0
agnivade,agnivade/chatty,2014-11-22T12:48:49Z,0,0,Go,True,True,mit
agnivade,agnivade/chatwebsocket,2014-12-05T17:37:06Z,1,1,Go,True,True,mit
agnivade,agnivade/demo,2021-05-06T07:06:50Z,2,2,Go,True,True,
agnivade,agnivade/dprettier,2019-06-26T08:40:53Z,0,0,Dockerfile,True,True,mit
agnivade,agnivade/easy-scrypt,2014-10-02T05:18:44Z,23,23,Go,True,True,mit
agnivade,agnivade/force-directed-graph,2022-08-06T14:47:53Z,0,0,HTML,True,True,isc
agnivade,agnivade/foundation,2023-05-10T05:41:28Z,0,0,,True,True,
agnivade,agnivade/frodo,2020-04-12T05:48:39Z,62,62,Go,True,True,mit
agnivade,agnivade/funnel,2016-09-12T05:41:13Z,313,313,Go,True,True,mit
agnivade,agnivade/GetHeaders,2012-10-08T17:33:41Z,1,1,JavaScript,True,True,
agnivade,agnivade/go2go,2020-07-03T15:11:45Z,2,2,,True,True,mit
agnivade,agnivade/GoFinch,2014-06-18T11:19:07Z,0,0,Go,True,True,
agnivade,agnivade/graphql-go,2021-12-09T07:52:12Z,1,1,Go,True,True,bsd-2-clause
agnivade,agnivade/gziphandler,2020-08-15T16:47:34Z,1,1,,True,False,apache-2.0
agnivade,agnivade/ice,2022-09-09T06:18:56Z,0,0,,True,False,mit
agnivade,agnivade/js-benchmarks,2017-03-15T06:14:49Z,0,0,JavaScript,True,True,mit
agnivade,agnivade/levenshtein,2014-07-30T14:03:55Z,356,356,Go,True,True,mit
agnivade,agnivade/mdns,2019-05-17T08:57:20Z,2,2,Go,True,True,mit
agnivade,agnivade/migro,2023-03-24T05:10:41Z,2,2,Go,True,True,
agnivade,agnivade/modbug,2023-04-13T17:23:39Z,0,0,Go,True,True,
agnivade,agnivade/perseus,2022-09-23T14:15:32Z,9,9,Go,True,True,apache-2.0
agnivade,agnivade/pgm,2021-04-16T07:19:00Z,14,14,Go,True,True,mit
agnivade,agnivade/pg_query_go,2023-02-16T08:17:43Z,0,0,,True,True,bsd-3-clause
agnivade,agnivade/qmk_firmware,2023-07-03T15:52:35Z,0,0,,True,False,gpl-2.0
PranamBhat,PranamBhat/.NET-Power-BI-Embed,2021-02-05T14:26:03Z,0,0,,True,True,
PranamBhat,PranamBhat/Algorithms,2021-02-06T15:29:59Z,0,0,,True,True,mit
PranamBhat,PranamBhat/Analyzing-Visualizing-Data-PowerBI,2021-04-01T07:52:02Z,1,1,,True,True,
PranamBhat,PranamBhat/angular,2021-02-13T16:27:51Z,3,3,,True,False,mit
PranamBhat,PranamBhat/Angular-2875342,2021-05-26T14:53:00Z,1,1,,True,True,other
PranamBhat,PranamBhat/angular-auth,2022-08-03T14:18:04Z,2,2,TypeScript,True,True,
PranamBhat,PranamBhat/Angular-Bootstrap-Dashboard,2020-08-16T17:41:21Z,0,0,JavaScript,True,True,
PranamBhat,PranamBhat/angular-bootstrap-demo,2022-01-13T17:48:01Z,1,1,,True,True,mit
PranamBhat,PranamBhat/Angular-cdk-virtual-scroll-viewport,2021-08-15T17:57:45Z,3,3,TypeScript,True,True,
PranamBhat,PranamBhat/Angular-Client-IP-Address,2020-09-03T05:54:33Z,0,0,TypeScript,True,True,
PranamBhat,PranamBhat/angular-communities,2021-08-08T16:26:21Z,1,1,,True,True,mit
PranamBhat,PranamBhat/Angular-Custom-Directive,2021-08-24T18:43:02Z,2,2,,True,True,
PranamBhat,PranamBhat/Angular-Custom-ViewportScroller,2021-08-15T08:46:44Z,1,1,TypeScript,True,True,
PranamBhat,PranamBhat/Angular-DarkTheme,2022-01-17T15:47:07Z,2,2,TypeScript,True,True,mit
PranamBhat,PranamBhat/Angular-Django,2021-01-21T03:47:32Z,0,0,,True,True,
PranamBhat,PranamBhat/Angular-Documents,2021-01-21T03:25:09Z,2,2,,True,True,
PranamBhat,PranamBhat/Angular-DotNet-Application,2021-06-09T05:52:22Z,1,1,,True,True,
PranamBhat,PranamBhat/Angular-Drag-Drop,2021-11-19T16:33:54Z,1,1,TypeScript,True,True,
PranamBhat,PranamBhat/angular-firebase-hosting,2022-01-16T05:17:27Z,5,5,HTML,True,True,
PranamBhat,PranamBhat/Angular-Interview-Questions,2021-08-14T14:48:56Z,7,7,,True,True,
PranamBhat,PranamBhat/Angular-Interview-Questions-and-Answers,2019-07-24T06:25:42Z,3,3,,True,True,
PranamBhat,PranamBhat/Angular-Ivy-Compiler,2020-08-13T04:49:42Z,0,0,TypeScript,True,True,
PranamBhat,PranamBhat/Angular-Lazy-Loading,2021-04-29T08:01:28Z,2,2,TypeScript,True,True,
PranamBhat,PranamBhat/Angular-Lazy-Loading-Example,2021-05-04T06:23:05Z,2,2,TypeScript,True,True,
PranamBhat,PranamBhat/Angular-LazyLoading,2021-05-02T05:37:43Z,1,1,TypeScript,True,True,
PranamBhat,PranamBhat/angular-learning-resources,2021-08-23T14:34:22Z,1,1,,True,True,
PranamBhat,PranamBhat/Angular-Login-Page,2020-08-06T18:03:23Z,0,0,TypeScript,True,True,mit
PranamBhat,PranamBhat/angular-optimization-demo,2022-10-14T17:27:15Z,3,3,TypeScript,True,True,
PranamBhat,PranamBhat/angular-optimization-web-worker-demo,2022-10-14T17:31:57Z,3,3,TypeScript,True,True,
PranamBhat,PranamBhat/angular-performance-demo-project,2022-10-14T17:13:15Z,3,3,TypeScript,True,True,
zerodha,zerodha/bench,2017-12-12T11:16:52Z,1,1,Python,True,True,gpl-3.0
zerodha,zerodha/cppkiteconnect,2021-02-18T06:19:37Z,49,49,C++,True,True,other
zerodha,zerodha/dotnetkiteconnect,2017-08-03T12:00:44Z,77,77,C#,True,True,mit
zerodha,zerodha/dungbeetle,2018-01-06T15:46:47Z,530,530,Go,True,True,mit
zerodha,zerodha/easyjson,2023-11-17T05:47:42Z,3,3,Go,True,True,mit
zerodha,zerodha/erpnext,2017-09-14T08:26:07Z,13,13,Python,True,True,gpl-3.0
zerodha,zerodha/erpnext_com,2019-04-02T10:57:10Z,0,0,HTML,True,True,other
zerodha,zerodha/fastcache,2021-09-23T05:29:10Z,34,34,Go,True,True,
zerodha,zerodha/fastglue,2021-06-18T10:03:40Z,80,80,Go,True,True,mit
zerodha,zerodha/fastglue-adapter,2021-06-22T08:45:52Z,3,3,Go,True,True,mit
zerodha,zerodha/fastglue-csrf,2021-06-24T10:24:52Z,15,15,Go,True,True,
zerodha,zerodha/fastglue-metrics,2021-06-22T07:01:54Z,12,12,Go,True,True,mit
zerodha,zerodha/flask-kiteconnect,2018-02-15T09:38:34Z,7,7,Python,True,True,mit
zerodha,zerodha/frappe,2017-09-13T07:59:02Z,13,13,Python,True,True,mit
zerodha,zerodha/frappe-attachments-s3,2018-01-12T13:18:40Z,122,122,Python,True,True,other
zerodha,zerodha/frappe-client,2017-01-20T09:25:22Z,1,1,Python,True,True,mit
zerodha,zerodha/frappe_docs,2020-12-29T11:07:01Z,0,0,Python,True,True,other
zerodha,zerodha/frappe_io,2018-04-16T06:13:00Z,2,2,HTML,True,True,other
zerodha,zerodha/gchatgpt,2023-03-29T11:37:13Z,82,82,Go,True,True,mit
zerodha,zerodha/gokiteconnect,2017-08-20T19:51:33Z,179,179,Go,True,True,mit
zerodha,zerodha/javakiteconnect,2016-10-14T12:30:49Z,204,204,Java,True,True,mit
zerodha,zerodha/jpdfsign,2021-10-27T12:30:23Z,0,0,Java,True,True,agpl-3.0
zerodha,zerodha/jpdfsigner,2024-02-14T06:44:57Z,43,43,Java,True,False,mit
zerodha,zerodha/kaf-relay,2023-05-11T15:33:47Z,67,67,Go,True,False,mit
zerodha,zerodha/kite-connect-python-example,2017-11-10T09:34:43Z,62,62,Python,True,True,mit
zerodha,zerodha/kite-discourse-sso,2020-05-18T10:43:15Z,5,5,Go,True,True,mit
zerodha,zerodha/kiteconnect-mocks,2021-05-28T12:08:11Z,25,25,,True,True,
zerodha,zerodha/kiteconnect-rs,2018-01-09T15:32:11Z,46,46,Rust,True,True,mit
zerodha,zerodha/kiteconnectjs,2016-08-17T10:06:25Z,322,322,TypeScript,True,True,mit
zerodha,zerodha/lms,2023-07-07T08:55:32Z,7,7,,True,True,agpl-3.0
ravdy,ravdy/ansible,2020-06-10T03:07:35Z,4,4,HTML,True,True,
ravdy,ravdy/ansible-certification,2019-08-22T14:48:35Z,2,2,,True,True,
ravdy,ravdy/ansible-lab,2019-07-05T11:14:43Z,14,14,,True,True,
ravdy,ravdy/ansible-role-nginx,2019-01-01T11:38:55Z,1,1,,True,True,apache-2.0
ravdy,ravdy/ansible_for_beginners,2021-09-29T14:41:00Z,3,3,,True,True,
ravdy,ravdy/ApplyForm,2019-01-23T18:48:34Z,1,1,Java,True,True,
ravdy,ravdy/AWS,2017-08-22T17:30:42Z,2,2,Shell,True,True,
ravdy,ravdy/aws-3-tier-terraform,2024-06-20T09:17:49Z,1,1,,True,True,
ravdy,ravdy/AWS-lambda-dynamodb-s3,2021-01-20T09:52:13Z,5,5,,True,True,
ravdy,ravdy/awscli,2017-08-22T17:31:57Z,1,1,,True,True,
ravdy,ravdy/boxfuse-sample-java-war-hello,2018-06-17T05:03:33Z,1,1,Java,True,False,apache-2.0
ravdy,ravdy/CabsOnline-Taxi-Booking-System,2020-09-18T07:06:15Z,1,1,,True,True,
ravdy,ravdy/CarRentWebApp,2019-01-23T18:32:30Z,2,2,Java,True,True,
ravdy,ravdy/Cube-generator,2018-03-09T07:44:22Z,1,1,Java,True,True,
ravdy,ravdy/demo-java-app,2021-03-02T08:54:37Z,1,1,Java,True,True,
ravdy,ravdy/Demo-Project,2018-02-02T11:32:52Z,1,1,CSS,True,True,
ravdy,ravdy/demorepo,2020-09-11T13:29:59Z,1,1,,True,True,
ravdy,ravdy/DevOps,2020-05-07T14:58:13Z,214,214,Jinja,True,True,
ravdy,ravdy/devops-aws-project,2019-03-06T08:51:49Z,2,2,Shell,True,True,
ravdy,ravdy/devops-git,2020-04-30T01:51:06Z,2,2,HTML,True,True,
ravdy,ravdy/devops-project-workshop,2023-02-20T10:09:50Z,18,18,HCL,True,True,
ravdy,ravdy/devops-workshop,2023-06-15T10:20:08Z,41,41,HCL,True,True,
ravdy,ravdy/DevOpsDemos,2019-01-24T02:42:49Z,32,32,,True,True,
ravdy,ravdy/Docker,2017-10-07T13:05:26Z,35,35,,True,True,
ravdy,ravdy/docker-demo,2019-10-26T14:57:30Z,2,2,,True,True,
ravdy,ravdy/docker_py,2021-05-26T22:56:39Z,2,2,,True,True,
ravdy,ravdy/Docs,2020-10-06T07:22:52Z,2,2,,True,True,
ravdy,ravdy/easyio,2021-01-13T02:38:32Z,1,1,,True,True,mit
ravdy,ravdy/first-demo-project,2021-03-12T06:42:19Z,6,6,Java,True,True,
ravdy,ravdy/game-of-life,2018-01-10T13:04:55Z,1,1,HTML,True,True,
ad1992,ad1992/ad1992,2021-05-31T08:29:47Z,3,3,,True,True,
ad1992,ad1992/aes-gcm-128,2022-10-09T07:01:51Z,8,8,TypeScript,True,True,mit
ad1992,ad1992/AES-GCM-128-DEMO,2022-07-25T05:25:53Z,2,2,,True,True,
ad1992,ad1992/aes-modes,2024-03-04T14:01:08Z,8,8,TypeScript,True,False,mit
ad1992,ad1992/alpha-blog,2016-09-10T09:16:09Z,0,0,Ruby,True,True,
ad1992,ad1992/ant-design,2018-04-22T11:57:10Z,1,1,TypeScript,True,True,mit
ad1992,ad1992/athena-crisis,2024-05-17T20:22:17Z,1,1,TypeScript,True,True,other
ad1992,ad1992/Automated-Student-Registration-System,2015-07-02T19:52:32Z,4,4,Java,True,True,
ad1992,ad1992/brackets,2018-02-24T07:58:26Z,1,1,JavaScript,True,True,mit
ad1992,ad1992/brahmos,2019-06-01T15:56:01Z,1,1,JavaScript,True,True,mit
ad1992,ad1992/ckeditor-dev,2018-08-10T09:14:56Z,1,1,HTML,True,False,other
ad1992,ad1992/clean-commit-action,2020-03-25T13:35:54Z,7,7,JavaScript,True,True,mit
ad1992,ad1992/CodeEval,2015-07-28T17:42:14Z,3,3,Java,True,True,
ad1992,ad1992/Coding-Challenges-Collection,2015-05-30T21:01:46Z,5,5,Java,True,True,
ad1992,ad1992/cryptmoji,2022-09-29T19:38:19Z,16,16,TypeScript,True,True,mit
ad1992,ad1992/docusaurus,2023-01-09T08:09:27Z,1,1,,True,False,mit
ad1992,ad1992/excalidraw,2020-04-10T13:29:15Z,8,8,TypeScript,True,False,mit
ad1992,ad1992/excalidraw-animate,2020-06-15T11:55:28Z,2,2,,True,True,mit
ad1992,ad1992/Finance-Tracker,2017-02-04T09:02:59Z,1,1,Ruby,True,True,
ad1992,ad1992/fuzzify,2024-07-18T09:53:08Z,86,86,TypeScript,True,False,mit
ad1992,ad1992/Geeks,2015-05-10T13:16:20Z,5,5,Java,True,True,
ad1992,ad1992/github-actions-demo,2020-03-24T20:14:30Z,1,1,,True,True,
ad1992,ad1992/HackerEarth,2015-07-07T18:49:59Z,45,45,Java,True,True,
ad1992,ad1992/HackerRank,2015-07-07T20:00:21Z,30,30,Java,True,True,
ad1992,ad1992/Labeled-arrows,2024-06-10T11:05:11Z,1,1,,True,False,mit
ad1992,ad1992/mermaid,2023-10-31T12:59:33Z,0,0,JavaScript,True,True,mit
ad1992,ad1992/mermaid-live-editor,2024-05-14T07:12:25Z,0,0,,True,True,mit
ad1992,ad1992/offline,2020-12-10T17:13:50Z,1,1,,True,True,mit
ad1992,ad1992/prettier,2018-03-09T16:03:55Z,1,1,JavaScript,True,True,mit
ad1992,ad1992/react,2018-02-09T13:35:15Z,1,1,JavaScript,True,True,mit
sohamkamani,sohamkamani/agronic_mock,2015-02-09T07:16:25Z,0,0,CSS,True,True,
sohamkamani,sohamkamani/alexa-superhero-facts,2018-05-19T09:17:59Z,0,0,TypeScript,True,True,
sohamkamani,sohamkamani/ard-pi-truck-demo,2016-07-20T12:49:44Z,0,0,JavaScript,True,True,
sohamkamani,sohamkamani/ava,2015-11-12T06:20:54Z,0,0,JavaScript,True,False,mit
sohamkamani,sohamkamani/awesome-d3,2016-08-16T00:09:59Z,0,0,,True,True,other
sohamkamani,sohamkamani/awesome-promises,2016-10-17T06:57:41Z,1,1,,True,True,cc0-1.0
sohamkamani,sohamkamani/awesome-react,2016-06-05T12:22:29Z,0,0,JavaScript,True,False,
sohamkamani,sohamkamani/blog-example-go-context-cancellation,2018-06-18T18:35:26Z,30,30,Go,True,True,
sohamkamani,sohamkamani/blog-example-react-combined-contexts,2018-07-26T18:35:06Z,2,2,HTML,True,True,
sohamkamani,sohamkamani/blog-example__canvas-animation-framework,2015-12-22T06:37:19Z,2,2,JavaScript,True,True,
sohamkamani,sohamkamani/blog-example__cap,2015-12-25T06:12:16Z,0,0,Ruby,True,True,
sohamkamani,sohamkamani/blog-example__node-redis-cache,2016-10-15T14:39:18Z,2,2,JavaScript,True,True,
sohamkamani,sohamkamani/blog-example__random-motion-generator,2017-09-12T17:36:00Z,0,0,JavaScript,True,True,
sohamkamani,sohamkamani/blog-example__react-material,2015-12-28T14:17:58Z,3,3,JavaScript,True,True,
sohamkamani,sohamkamani/blog-example__redux-counter,2016-02-23T12:40:59Z,1,1,JavaScript,True,True,
sohamkamani,sohamkamani/blog-example__redux-data,2016-06-05T07:54:15Z,33,33,JavaScript,True,True,
sohamkamani,sohamkamani/blog-example__snake,2018-12-25T09:00:22Z,1,1,JavaScript,True,True,
sohamkamani,sohamkamani/blog-tester,2022-09-04T17:29:22Z,0,0,Java,True,True,
sohamkamani,sohamkamani/blog_example__go_web_app,2017-10-17T18:13:17Z,89,89,Go,True,True,
sohamkamani,sohamkamani/blog_example__go_web_db,2017-11-11T09:42:25Z,26,26,Go,True,True,
sohamkamani,sohamkamani/blog_example__linear_regression,2018-01-28T13:01:33Z,0,0,Jupyter Notebook,True,True,
sohamkamani,sohamkamani/butter-seo-ssg-examples,2019-08-27T20:16:29Z,1,1,HTML,True,True,
sohamkamani,sohamkamani/buttercms-nodejs-ecommerce,2021-04-27T14:29:03Z,0,0,JavaScript,True,True,
sohamkamani,sohamkamani/buttercms-nodejs-shopping-app,2021-11-09T14:06:14Z,0,0,JavaScript,True,True,
sohamkamani,sohamkamani/buttercms-react,2019-01-28T18:01:16Z,0,0,JavaScript,True,True,mit
sohamkamani,sohamkamani/code-eol,2018-02-17T11:16:00Z,39,39,TypeScript,True,True,
sohamkamani,sohamkamani/computer-vision,2014-08-02T10:42:15Z,0,0,,True,True,
sohamkamani,sohamkamani/cool-house,2015-03-03T04:37:13Z,0,0,JavaScript,True,True,
sohamkamani,sohamkamani/crazy-awesome-json-viewer,2018-08-14T18:53:57Z,24,24,TypeScript,True,True,
sohamkamani,sohamkamani/create-react-app-boilerplate,2016-10-11T06:07:21Z,1,1,JavaScript,True,True,
bigint,bigint/2048frame,2024-01-29T13:59:29Z,3,3,PHP,True,True,mit
bigint,bigint/awesome-wagmi,2023-09-30T05:05:35Z,1,1,,True,False,cc0-1.0
bigint,bigint/companion-constructor,2023-10-02T04:29:50Z,1,1,,True,True,
bigint,bigint/dotfiles,2022-07-29T05:49:13Z,8,8,Shell,True,True,
bigint,bigint/focalize-extension,2023-10-01T14:51:10Z,1,1,,True,False,
bigint,bigint/gitlab,2024-09-23T17:26:02Z,0,0,,True,True,
bigint,bigint/gitlabhq,2024-09-23T17:17:27Z,0,0,,True,False,other
bigint,bigint/grafana,2024-08-16T03:48:43Z,1,1,Dockerfile,True,False,mit
bigint,bigint/guild.xyz,2023-10-01T14:01:41Z,2,2,,True,True,
bigint,bigint/heyportals,2024-01-29T14:33:35Z,5,5,TypeScript,True,True,mit
bigint,bigint/knowledge,2023-10-01T14:05:42Z,2,2,,True,True,
bigint,bigint/lens-widgets,2023-10-01T14:13:40Z,2,2,,True,True,
bigint,bigint/onchainsummer.xyz,2023-10-01T14:48:07Z,1,1,,True,False,mit
bigint,bigint/platform,2023-10-01T14:51:23Z,1,1,,True,True,other
bigint,bigint/random-scape,2024-01-29T13:39:19Z,1,1,,True,False,
bigint,bigint/snapshot,2022-09-27T14:46:49Z,11,11,Vue,True,False,mit
bigint,bigint/snapshot-spaces,2023-04-03T18:23:15Z,3,3,SCSS,True,False,mit
bigint,bigint/stamp,2023-09-30T05:08:28Z,1,1,TypeScript,True,True,mit
bigint,bigint/stargazer,2023-05-29T18:14:41Z,2,2,,True,False,
bigint,bigint/tx-boilerplate-frame,2024-06-24T12:53:56Z,0,0,TypeScript,True,True,mit
ghoshsuman845,ghoshsuman845/144-firestore-group-chat,2020-03-03T15:23:09Z,0,0,,True,True,
ghoshsuman845,ghoshsuman845/Algorithms-HacktoberFest,2019-10-21T19:14:14Z,0,0,JavaScript,True,True,
ghoshsuman845,ghoshsuman845/angular-Scorm,2019-10-22T12:30:36Z,0,0,TypeScript,True,True,
ghoshsuman845,ghoshsuman845/angular-tour-of-heroes,2019-06-09T09:57:25Z,0,0,TypeScript,True,True,
ghoshsuman845,ghoshsuman845/AngularApp2,2019-05-20T10:00:36Z,0,0,CSS,True,True,
ghoshsuman845,ghoshsuman845/appointment-booking-app,2020-09-19T13:19:26Z,1,1,TypeScript,True,True,
ghoshsuman845,ghoshsuman845/Arrays-Leetcode-Top-Interview-Questions-in-Javascript,2023-01-12T18:29:53Z,28,28,JavaScript,True,True,
ghoshsuman845,ghoshsuman845/AsyncJs_Web_Dev_Batch_Feb23,2023-02-06T16:07:01Z,14,14,JavaScript,True,True,
ghoshsuman845,ghoshsuman845/authoring-tool,2019-09-19T12:51:56Z,0,0,TypeScript,True,True,
ghoshsuman845,ghoshsuman845/AuthoringToolAdapt,2019-12-30T06:26:49Z,1,1,TypeScript,True,True,
ghoshsuman845,ghoshsuman845/bank-application,2021-01-24T13:47:03Z,0,0,,True,True,
ghoshsuman845,ghoshsuman845/Bank-Fyle-assignment-,2021-01-24T06:38:00Z,0,0,,True,True,
ghoshsuman845,ghoshsuman845/Blind-75-Leetcode-Solution-In-JS,2023-01-17T07:21:10Z,53,53,JavaScript,True,True,
ghoshsuman845,ghoshsuman845/CN-P2P,2024-06-01T06:14:09Z,55,55,JavaScript,True,True,
ghoshsuman845,ghoshsuman845/CodingMonksWebsite,2021-12-07T14:29:05Z,0,0,,True,True,
ghoshsuman845,ghoshsuman845/course-creator,2019-09-10T12:03:05Z,0,0,TypeScript,True,True,
ghoshsuman845,ghoshsuman845/Data-Structures-And-Algorithms-Hacktoberfest18,2019-10-21T18:25:29Z,1,1,C++,True,True,
ghoshsuman845,ghoshsuman845/demo,2022-12-09T16:41:46Z,0,0,,True,True,
ghoshsuman845,ghoshsuman845/DrawingApplication,2019-05-20T09:21:18Z,1,1,JavaScript,True,True,
ghoshsuman845,ghoshsuman845/eCommerceWebsite,2019-05-20T10:14:23Z,0,0,HTML,True,True,
ghoshsuman845,ghoshsuman845/email-client-app,2023-07-22T11:47:12Z,3,3,TypeScript,True,True,
ghoshsuman845,ghoshsuman845/email-schedular-ui,2020-09-10T09:24:28Z,1,1,TypeScript,True,True,
ghoshsuman845,ghoshsuman845/frontend-interview-preparation-kit,2023-08-21T16:01:39Z,310,310,,True,True,
ghoshsuman845,ghoshsuman845/FruitGaming,2019-05-20T09:32:18Z,0,0,CSS,True,True,
ghoshsuman845,ghoshsuman845/Fyle-Challenge-Bank-Search-App,2021-01-24T06:55:30Z,1,1,,True,True,
ghoshsuman845,ghoshsuman845/FyleApp,2021-01-26T08:08:15Z,0,0,,True,True,
ghoshsuman845,ghoshsuman845/Gallery,2021-04-30T16:06:56Z,0,0,,True,True,
ghoshsuman845,ghoshsuman845/ghoshsuman845,2021-04-12T09:17:53Z,18,18,,True,False,
ghoshsuman845,ghoshsuman845/google-meet-clone,2021-06-07T09:16:25Z,1,1,JavaScript,True,True,
ghoshsuman845,ghoshsuman845/GulpRepoScorm,2019-10-25T11:05:08Z,0,0,TypeScript,True,True,
ValaxyTech,ValaxyTech/A3,2021-06-08T12:12:30Z,0,0,,True,True,
ValaxyTech,ValaxyTech/ansible,2019-10-01T13:45:34Z,4,4,,True,True,
ValaxyTech,ValaxyTech/ansible-role-nginx,2021-07-09T13:08:13Z,0,0,,True,True,apache-2.0
ValaxyTech,ValaxyTech/ansible_for_beginners,2021-06-28T12:48:54Z,2,2,HTML,True,True,
ValaxyTech,ValaxyTech/assignments,2021-06-08T12:12:51Z,0,0,,True,True,
ValaxyTech,ValaxyTech/azure,2021-12-24T11:13:32Z,6,6,,True,True,
ValaxyTech,ValaxyTech/concourse-java-maven-test-prj,2018-10-10T05:58:11Z,2,2,Java,True,True,mit
ValaxyTech,ValaxyTech/demopackage,2021-06-29T12:52:55Z,0,0,Java,True,True,
ValaxyTech,ValaxyTech/devops-08,2021-06-08T12:12:23Z,0,0,,True,True,
ValaxyTech,ValaxyTech/devops-assiginment-1,2021-06-08T12:12:56Z,0,0,,True,True,
ValaxyTech,ValaxyTech/devops-course-ex1,2021-06-08T12:12:46Z,0,0,,True,True,
ValaxyTech,ValaxyTech/devops-test,2021-06-08T12:11:58Z,0,0,,True,True,
ValaxyTech,ValaxyTech/devops-test-1,2021-06-08T12:12:41Z,0,0,,True,True,
ValaxyTech,ValaxyTech/DevOpsDemos,2018-09-08T15:04:15Z,403,403,,True,True,
ValaxyTech,ValaxyTech/frontendExample,2018-10-10T07:12:08Z,1,1,JavaScript,True,True,
ValaxyTech,ValaxyTech/hello-world,2018-06-19T18:16:55Z,49,49,Java,True,True,
ValaxyTech,ValaxyTech/javalogin,2021-07-07T05:08:17Z,0,0,,True,True,
ValaxyTech,ValaxyTech/java_web_app,2018-10-10T07:51:56Z,1,1,Java,True,True,
ValaxyTech,ValaxyTech/maven-java9-jigsaw,2018-10-10T05:55:56Z,1,1,Java,True,True,
ValaxyTech,ValaxyTech/rideeasy,2018-10-30T18:30:42Z,3,3,CSS,True,True,
ValaxyTech,ValaxyTech/SCA,2018-09-30T12:03:51Z,0,0,CSS,True,True,
ValaxyTech,ValaxyTech/Simple-DevOps-Project,2019-07-17T06:11:55Z,26,26,,True,True,
ValaxyTech,ValaxyTech/simple-java-maven-app,2018-10-01T07:24:07Z,5,5,Java,True,True,
ValaxyTech,ValaxyTech/simple-rails-project,2021-07-21T11:20:27Z,1,1,,True,True,
ValaxyTech,ValaxyTech/SimpleCustomerApp,2018-09-30T11:35:40Z,1,1,CSS,True,True,
ValaxyTech,ValaxyTech/sparkjava-war-example,2018-10-10T07:50:38Z,4,4,Java,True,True,
ValaxyTech,ValaxyTech/TestAssignment,2021-06-08T12:12:07Z,0,0,,True,True,
ValaxyTech,ValaxyTech/testrepository,2018-11-23T06:32:39Z,1,1,,True,True,
ValaxyTech,ValaxyTech/twittertrend,2023-02-08T05:38:52Z,0,0,Java,True,True,
ValaxyTech,ValaxyTech/valaxy1101,2018-12-19T04:26:40Z,1,1,,True,True,
techiescamp,techiescamp/ansible-playbook-examples,2023-02-21T17:06:12Z,5,5,,True,True,
techiescamp,techiescamp/argocd-guide,2024-04-25T10:14:39Z,2,2,,True,True,
techiescamp,techiescamp/aws-cli,2022-11-24T11:37:30Z,4,4,,True,True,
techiescamp,techiescamp/aws-cloudwatch-agent,2023-02-20T05:51:57Z,4,4,,True,True,
techiescamp,techiescamp/aws-devops,2023-09-05T12:11:36Z,9,9,,True,True,
techiescamp,techiescamp/cka-certification-guide,2024-04-15T11:00:36Z,11,11,,True,True,mit
techiescamp,techiescamp/cks-exam-preparation-guide,2024-08-02T12:25:41Z,0,0,,True,True,
techiescamp,techiescamp/consul-demo,2023-02-07T09:44:04Z,3,3,,True,True,
techiescamp,techiescamp/devops-challenges,2024-03-24T05:03:08Z,3,3,,True,True,
techiescamp,techiescamp/devops-kit,2022-07-27T10:39:37Z,5,5,,True,True,
techiescamp,techiescamp/devops-projects,2023-02-11T09:02:38Z,1126,1126,HCL,True,True,
techiescamp,techiescamp/devops-roadmap,2023-06-08T12:14:31Z,18,18,,True,True,
techiescamp,techiescamp/devops-tools,2023-08-01T17:03:31Z,598,598,,True,True,
techiescamp,techiescamp/docker-image-examples,2022-10-11T10:07:13Z,16,16,JavaScript,True,True,
techiescamp,techiescamp/docker-init,2024-04-27T11:52:02Z,0,0,Go,True,True,
techiescamp,techiescamp/eksctl,2021-10-31T09:56:58Z,7,7,,True,True,
techiescamp,techiescamp/fck-nat,2024-09-02T11:12:01Z,1,1,,True,True,mit
techiescamp,techiescamp/gitlab-tutorial,2023-08-17T04:24:05Z,3,3,HCL,True,True,
techiescamp,techiescamp/hadolint-examples,2023-10-01T05:25:56Z,2,2,,True,True,
techiescamp,techiescamp/helm-tutorial,2022-12-12T10:53:18Z,21,21,,True,True,
techiescamp,techiescamp/how-to-mlops,2021-11-06T03:07:25Z,75,75,,True,True,
techiescamp,techiescamp/java-demo,2022-11-10T16:18:37Z,4,4,,True,True,
techiescamp,techiescamp/java-spring-petclinic,2023-03-01T10:51:21Z,10,10,CSS,True,False,apache-2.0
techiescamp,techiescamp/jenkins-course,2024-08-05T09:39:37Z,2,2,HCL,True,True,
techiescamp,techiescamp/jenkins-pipelines,2023-04-26T10:10:56Z,3,3,,True,True,
techiescamp,techiescamp/jenkins-shared-library,2019-05-18T07:01:07Z,36,36,Groovy,True,True,
techiescamp,techiescamp/kubeadm-scripts,2021-05-10T11:06:51Z,208,208,Shell,True,True,
techiescamp,techiescamp/kubernetes-certification-guide,2022-09-09T08:52:37Z,29,29,Shell,True,True,
techiescamp,techiescamp/kubernetes-course,2023-04-14T06:00:36Z,4,4,,True,True,
techiescamp,techiescamp/kubernetes-examples,2023-12-04T10:25:50Z,3,3,,True,True,
sachinchoolur,sachinchoolur/angular-flash,2015-01-01T19:41:50Z,262,262,JavaScript,True,True,mit
sachinchoolur,sachinchoolur/angular-trix,2015-12-09T14:30:17Z,328,328,JavaScript,True,True,mit
sachinchoolur,sachinchoolur/Awesome-Black-Friday-Cyber-Monday,2023-11-22T06:28:38Z,0,0,,True,True,
sachinchoolur,sachinchoolur/Awesome-Black-Friday-Cyber-Monday-deals,2021-11-23T07:57:58Z,0,0,,True,True,
sachinchoolur,sachinchoolur/awesome-electron,2016-06-07T08:12:31Z,0,0,,True,False,
sachinchoolur,sachinchoolur/awesome-react-components,2021-05-20T08:18:01Z,2,2,,True,True,cc0-1.0
sachinchoolur,sachinchoolur/Black-Friday-Deals,2023-11-24T09:59:10Z,0,0,Swift,True,False,mit
sachinchoolur,sachinchoolur/clipboard.js,2018-03-03T07:10:17Z,1,1,JavaScript,True,True,
sachinchoolur,sachinchoolur/eslint-config-erb,2021-01-30T04:09:46Z,0,0,JavaScript,True,True,mit
sachinchoolur,sachinchoolur/explore,2021-05-25T05:12:23Z,0,0,,True,False,cc-by-4.0
sachinchoolur,sachinchoolur/highcharts,2019-01-14T10:25:05Z,0,0,JavaScript,True,True,other
sachinchoolur,sachinchoolur/jquery-to-javascript-converter,2021-08-24T07:59:06Z,1235,1235,JavaScript,True,True,mit
sachinchoolur,sachinchoolur/jsdelivr,2016-11-06T09:56:59Z,0,0,,True,True,mit
sachinchoolur,sachinchoolur/Justified-Gallery,2021-06-16T06:16:21Z,0,0,,True,False,mit
sachinchoolur,sachinchoolur/ladda-angular,2015-02-26T17:19:54Z,126,126,JavaScript,True,True,mit
sachinchoolur,sachinchoolur/lg-autoplay,2016-09-20T14:04:14Z,0,0,JavaScript,True,True,other
sachinchoolur,sachinchoolur/lg-autoplay.js,2016-08-01T03:33:02Z,0,0,JavaScript,True,True,other
sachinchoolur,sachinchoolur/lg-fullscreen,2016-09-20T14:04:58Z,2,2,JavaScript,True,True,agpl-3.0
sachinchoolur,sachinchoolur/lg-fullscreen.js,2016-08-01T03:27:36Z,6,6,JavaScript,True,True,other
sachinchoolur,sachinchoolur/lg-hash,2016-09-19T11:39:11Z,1,1,JavaScript,True,True,agpl-3.0
sachinchoolur,sachinchoolur/lg-hash.js,2016-08-01T03:21:54Z,0,0,JavaScript,True,True,other
sachinchoolur,sachinchoolur/lg-pager,2016-09-20T13:48:31Z,1,1,JavaScript,True,True,other
sachinchoolur,sachinchoolur/lg-pager.js,2016-08-01T03:16:23Z,3,3,JavaScript,True,True,other
sachinchoolur,sachinchoolur/lg-rotate,2020-08-29T04:41:23Z,2,2,JavaScript,True,True,other
sachinchoolur,sachinchoolur/lg-rotate.js,2020-08-31T10:48:13Z,0,0,JavaScript,True,True,other
sachinchoolur,sachinchoolur/lg-share,2016-09-20T16:48:51Z,5,5,JavaScript,True,True,other
sachinchoolur,sachinchoolur/lg-share.js,2016-08-01T03:09:30Z,1,1,JavaScript,True,True,other
sachinchoolur,sachinchoolur/lg-thumbnail,2016-09-20T04:14:05Z,12,12,JavaScript,True,True,other
sachinchoolur,sachinchoolur/lg-thumbnail.js,2016-08-01T02:20:49Z,8,8,JavaScript,True,True,other
sachinchoolur,sachinchoolur/lg-video,2016-09-20T04:31:24Z,6,6,JavaScript,True,True,other
